Insert into Kierowcy("Nr_ewidencji_NESKM", "Imie", "Nazwisko", "Nr_prawa_lotu") values('214925', 'ALEXANDER', 'WICHAN', '812177') 
Insert into Kierowcy("Nr_ewidencji_NESKM", "Imie", "Nazwisko", "Nr_prawa_lotu") values('231745', 'MAKSYM', 'ZIMMERLING', '932836') 
Insert into Kierowcy("Nr_ewidencji_NESKM", "Imie", "Nazwisko", "Nr_prawa_lotu") values('573954', 'STEFANIA', 'HRET', '597959') 
Insert into Kierowcy("Nr_ewidencji_NESKM", "Imie", "Nazwisko", "Nr_prawa_lotu") values('248813', 'PATRYK', 'ŚWIĘTALSKI', '721168') 
Insert into Kierowcy("Nr_ewidencji_NESKM", "Imie", "Nazwisko", "Nr_prawa_lotu") values('470542', 'MAURYCY', 'HRYTSAYUK', '426221') 
Insert into Kierowcy("Nr_ewidencji_NESKM", "Imie", "Nazwisko", "Nr_prawa_lotu") values('818125', 'KLAUDIUSZ', 'PANDURANGAN', '648098') 
Insert into Kierowcy("Nr_ewidencji_NESKM", "Imie", "Nazwisko", "Nr_prawa_lotu") values('460816', 'TATIANA', 'CWIKLINSKA', '967803') 
Insert into Kierowcy("Nr_ewidencji_NESKM", "Imie", "Nazwisko", "Nr_prawa_lotu") values('337330', 'OLEG', 'CZACHLA', '433628') 
Insert into Kierowcy("Nr_ewidencji_NESKM", "Imie", "Nazwisko", "Nr_prawa_lotu") values('289571', 'ALEX', 'NEDIĆ', '403594') 
Insert into Kierowcy("Nr_ewidencji_NESKM", "Imie", "Nazwisko", "Nr_prawa_lotu") values('668378', 'LUCJAN', 'DZIEMIERZ', '677655') 
Insert into Kierowcy("Nr_ewidencji_NESKM", "Imie", "Nazwisko", "Nr_prawa_lotu") values('833005', 'TOBIASZ', 'WOLLAK', '496732') 
Insert into Kierowcy("Nr_ewidencji_NESKM", "Imie", "Nazwisko", "Nr_prawa_lotu") values('986824', 'MALINA', 'SZKAPICZ', '437871') 
Insert into Kierowcy("Nr_ewidencji_NESKM", "Imie", "Nazwisko", "Nr_prawa_lotu") values('960601', 'ROZALIA', 'MILEVA', '841204') 
Insert into Kierowcy("Nr_ewidencji_NESKM", "Imie", "Nazwisko", "Nr_prawa_lotu") values('311548', 'EMANUEL', 'MANZI', '819502') 
Insert into Kierowcy("Nr_ewidencji_NESKM", "Imie", "Nazwisko", "Nr_prawa_lotu") values('528208', 'KLAUDIA', 'CHYŻY', '778708') 
Insert into Kierowcy("Nr_ewidencji_NESKM", "Imie", "Nazwisko", "Nr_prawa_lotu") values('390718', 'KASPIAN', 'HEVAK', '479734') 
Insert into Kierowcy("Nr_ewidencji_NESKM", "Imie", "Nazwisko", "Nr_prawa_lotu") values('130103', 'NOEMI', 'HOIAN', '767419') 
Insert into Kierowcy("Nr_ewidencji_NESKM", "Imie", "Nazwisko", "Nr_prawa_lotu") values('592213', 'KAZIMIERZ', 'MAMUL', '599262') 
Insert into Kierowcy("Nr_ewidencji_NESKM", "Imie", "Nazwisko", "Nr_prawa_lotu") values('698777', 'NIKOLAS', 'LEONIEC', '678069') 
Insert into Kierowcy("Nr_ewidencji_NESKM", "Imie", "Nazwisko", "Nr_prawa_lotu") values('617398', 'KSENIA', 'SKLIARENKO', '743863') 
Insert into Kierowcy("Nr_ewidencji_NESKM", "Imie", "Nazwisko", "Nr_prawa_lotu") values('126481', 'HANA', 'KASIEWICZ', '380595') 
Insert into Kierowcy("Nr_ewidencji_NESKM", "Imie", "Nazwisko", "Nr_prawa_lotu") values('610714', 'GABRIEL', 'DĘBIEC', '431582') 
Insert into Kierowcy("Nr_ewidencji_NESKM", "Imie", "Nazwisko", "Nr_prawa_lotu") values('192063', 'WERONIKA', 'PAŁAMARUK', '902129') 
Insert into Kierowcy("Nr_ewidencji_NESKM", "Imie", "Nazwisko", "Nr_prawa_lotu") values('927488', 'LILIANNA', 'KRASIŃSKA-GEREJCZYK', '528320') 
Insert into Kierowcy("Nr_ewidencji_NESKM", "Imie", "Nazwisko", "Nr_prawa_lotu") values('642994', 'CEZARY', 'GRUCKI', '762632') 
Insert into Kierowcy("Nr_ewidencji_NESKM", "Imie", "Nazwisko", "Nr_prawa_lotu") values('183975', 'JESSICA', 'KAROLCZAK', '508268') 
Insert into Kierowcy("Nr_ewidencji_NESKM", "Imie", "Nazwisko", "Nr_prawa_lotu") values('948353', 'CARMEN', 'PODLEŚKA', '471228') 
Insert into Kierowcy("Nr_ewidencji_NESKM", "Imie", "Nazwisko", "Nr_prawa_lotu") values('830056', 'SONIA', 'ARAKELIAN', '533581') 
Insert into Kierowcy("Nr_ewidencji_NESKM", "Imie", "Nazwisko", "Nr_prawa_lotu") values('359133', 'LEONARD', 'ZUCHNIEWICZ', '464024') 
Insert into Kierowcy("Nr_ewidencji_NESKM", "Imie", "Nazwisko", "Nr_prawa_lotu") values('732083', 'GLORIA', 'BĘDEK', '816495') 
Insert into Kierowcy("Nr_ewidencji_NESKM", "Imie", "Nazwisko", "Nr_prawa_lotu") values('604871', 'PATRYCJA', 'HERSZLAK', '831831') 
Insert into Kierowcy("Nr_ewidencji_NESKM", "Imie", "Nazwisko", "Nr_prawa_lotu") values('880455', 'NIKODEM', 'DAMASZK', '669397') 
Insert into Kierowcy("Nr_ewidencji_NESKM", "Imie", "Nazwisko", "Nr_prawa_lotu") values('445169', 'ADRIANA', 'POŻAROWSKA', '464288') 
Insert into Kierowcy("Nr_ewidencji_NESKM", "Imie", "Nazwisko", "Nr_prawa_lotu") values('585418', 'RADOSŁAW', 'ZERGER', '577923') 
Insert into Kierowcy("Nr_ewidencji_NESKM", "Imie", "Nazwisko", "Nr_prawa_lotu") values('263308', 'KSAWIER', 'STREJKO', '365652') 
Insert into Kierowcy("Nr_ewidencji_NESKM", "Imie", "Nazwisko", "Nr_prawa_lotu") values('424057', 'JERZY', 'GOCNER', '468127') 
Insert into Kierowcy("Nr_ewidencji_NESKM", "Imie", "Nazwisko", "Nr_prawa_lotu") values('984812', 'ALEKSY', 'KUSYY', '984071') 
Insert into Kierowcy("Nr_ewidencji_NESKM", "Imie", "Nazwisko", "Nr_prawa_lotu") values('292746', 'PHILIP', 'TERLAGA', '847731') 
Insert into Kierowcy("Nr_ewidencji_NESKM", "Imie", "Nazwisko", "Nr_prawa_lotu") values('927677', 'LESZEK', 'PELINKO', '534258') 
Insert into Kierowcy("Nr_ewidencji_NESKM", "Imie", "Nazwisko", "Nr_prawa_lotu") values('387954', 'AUGUST', 'MYSAKOVYCH', '365820') 
Insert into Kierowcy("Nr_ewidencji_NESKM", "Imie", "Nazwisko", "Nr_prawa_lotu") values('911810', 'LILIA', 'ROZWADOWSKI', '794310') 
Insert into Kierowcy("Nr_ewidencji_NESKM", "Imie", "Nazwisko", "Nr_prawa_lotu") values('468410', 'NADIA', 'POWAŁKIEWICZ', '506391') 
Insert into Kierowcy("Nr_ewidencji_NESKM", "Imie", "Nazwisko", "Nr_prawa_lotu") values('633720', 'SONIA', 'WARWASZYŃSKA', '652583') 
Insert into Kierowcy("Nr_ewidencji_NESKM", "Imie", "Nazwisko", "Nr_prawa_lotu") values('359099', 'OLIVIER', 'DA SILVA TEIXEIRA', '805769') 
Insert into Kierowcy("Nr_ewidencji_NESKM", "Imie", "Nazwisko", "Nr_prawa_lotu") values('529859', 'MAYA', 'WERNET', '898300') 
Insert into Kierowcy("Nr_ewidencji_NESKM", "Imie", "Nazwisko", "Nr_prawa_lotu") values('102284', 'DALIA', 'KOWALSKA-SZULC', '491637') 
Insert into Kierowcy("Nr_ewidencji_NESKM", "Imie", "Nazwisko", "Nr_prawa_lotu") values('923444', 'INES', 'SZYSZ', '821086') 
Insert into Kierowcy("Nr_ewidencji_NESKM", "Imie", "Nazwisko", "Nr_prawa_lotu") values('150486', 'JEREMIASZ', 'CICHOLIŃSKI', '775384') 
Insert into Kierowcy("Nr_ewidencji_NESKM", "Imie", "Nazwisko", "Nr_prawa_lotu") values('643162', 'DIEGO', 'SANOGHO', '887394') 
Insert into Kierowcy("Nr_ewidencji_NESKM", "Imie", "Nazwisko", "Nr_prawa_lotu") values('257109', 'MAKS', 'DĘBNIAK', '623360') 
Insert into Kierowcy("Nr_ewidencji_NESKM", "Imie", "Nazwisko", "Nr_prawa_lotu") values('409510', 'MARCELA', 'PRUSINSKI', '958765') 
Insert into Kierowcy("Nr_ewidencji_NESKM", "Imie", "Nazwisko", "Nr_prawa_lotu") values('274879', 'RITA', 'KOŁACZEK-SERETNA', '731374') 
Insert into Kierowcy("Nr_ewidencji_NESKM", "Imie", "Nazwisko", "Nr_prawa_lotu") values('305356', 'NICOLAS', 'GORAK', '412973') 
Insert into Kierowcy("Nr_ewidencji_NESKM", "Imie", "Nazwisko", "Nr_prawa_lotu") values('293591', 'EWELINA', 'ZUBKOWICZ', '882988') 
Insert into Kierowcy("Nr_ewidencji_NESKM", "Imie", "Nazwisko", "Nr_prawa_lotu") values('977337', 'MARCELA', 'ŁOMONOS', '665069') 
Insert into Kierowcy("Nr_ewidencji_NESKM", "Imie", "Nazwisko", "Nr_prawa_lotu") values('253829', 'JANUSZ', 'EKSZTEJN', '985780') 
Insert into Kierowcy("Nr_ewidencji_NESKM", "Imie", "Nazwisko", "Nr_prawa_lotu") values('526081', 'SANTIAGO', 'STARŻYK', '937828') 
Insert into Kierowcy("Nr_ewidencji_NESKM", "Imie", "Nazwisko", "Nr_prawa_lotu") values('732243', 'SYLWESTER', 'PATULIAK', '719133') 
Insert into Kierowcy("Nr_ewidencji_NESKM", "Imie", "Nazwisko", "Nr_prawa_lotu") values('886051', 'CARMEN', 'JEZIERSKA-DZIEDZIC', '978322') 
Insert into Kierowcy("Nr_ewidencji_NESKM", "Imie", "Nazwisko", "Nr_prawa_lotu") values('410640', 'DIANA', 'STRICKER', '588533') 
Insert into Kierowcy("Nr_ewidencji_NESKM", "Imie", "Nazwisko", "Nr_prawa_lotu") values('804358', 'ALEKS', 'RONCHI', '375787') 
Insert into Kierowcy("Nr_ewidencji_NESKM", "Imie", "Nazwisko", "Nr_prawa_lotu") values('759111', 'MAKSYMILIAN', 'BUIOVSKYI', '802585') 
Insert into Kierowcy("Nr_ewidencji_NESKM", "Imie", "Nazwisko", "Nr_prawa_lotu") values('463268', 'GNIEWOMIR', 'BAREN', '404320') 
Insert into Kierowcy("Nr_ewidencji_NESKM", "Imie", "Nazwisko", "Nr_prawa_lotu") values('605247', 'JAN', 'BERBELICKI', '843036') 
Insert into Kierowcy("Nr_ewidencji_NESKM", "Imie", "Nazwisko", "Nr_prawa_lotu") values('129458', 'GRACJAN', 'SAMSONIK', '947835') 
Insert into Kierowcy("Nr_ewidencji_NESKM", "Imie", "Nazwisko", "Nr_prawa_lotu") values('610890', 'OLIWIER', 'KOPKA', '870978') 
Insert into Kierowcy("Nr_ewidencji_NESKM", "Imie", "Nazwisko", "Nr_prawa_lotu") values('677671', 'GNIEWKO', 'NIZIOŁEK-KIEŁBASA', '731891') 
Insert into Kierowcy("Nr_ewidencji_NESKM", "Imie", "Nazwisko", "Nr_prawa_lotu") values('796557', 'MAX', 'WASSIDŁOW', '863946') 
Insert into Kierowcy("Nr_ewidencji_NESKM", "Imie", "Nazwisko", "Nr_prawa_lotu") values('123384', 'DARIA', 'DEMIRBÜKEN', '449198') 
Insert into Kierowcy("Nr_ewidencji_NESKM", "Imie", "Nazwisko", "Nr_prawa_lotu") values('974240', 'SOFIA', 'TOLKSDORF', '597396') 
Insert into Kierowcy("Nr_ewidencji_NESKM", "Imie", "Nazwisko", "Nr_prawa_lotu") values('596570', 'JUDYTA', 'SZCZĘKOWSKA', '548904') 
Insert into Kierowcy("Nr_ewidencji_NESKM", "Imie", "Nazwisko", "Nr_prawa_lotu") values('552017', 'NEL', 'ŚMIERAK', '602336') 
Insert into Kierowcy("Nr_ewidencji_NESKM", "Imie", "Nazwisko", "Nr_prawa_lotu") values('137472', 'TEODOR', 'SKŁADKOWSKI', '778318') 
Insert into Kierowcy("Nr_ewidencji_NESKM", "Imie", "Nazwisko", "Nr_prawa_lotu") values('206638', 'MALINA', 'KAŁUSEK', '653871') 
Insert into Kierowcy("Nr_ewidencji_NESKM", "Imie", "Nazwisko", "Nr_prawa_lotu") values('721121', 'ZUZANNA', 'LANICA', '710823') 
Insert into Kierowcy("Nr_ewidencji_NESKM", "Imie", "Nazwisko", "Nr_prawa_lotu") values('603541', 'JĘDRZEJ', 'KIELNER', '668686') 
Insert into Kierowcy("Nr_ewidencji_NESKM", "Imie", "Nazwisko", "Nr_prawa_lotu") values('436691', 'DOBROCHNA', 'MAJERNOWSKA', '487619') 
Insert into Kierowcy("Nr_ewidencji_NESKM", "Imie", "Nazwisko", "Nr_prawa_lotu") values('331196', 'MARTYNA', 'VAN IERSEL', '656947') 
Insert into Kierowcy("Nr_ewidencji_NESKM", "Imie", "Nazwisko", "Nr_prawa_lotu") values('417288', 'LEOPOLD', 'NOECEL', '462251') 
Insert into Kierowcy("Nr_ewidencji_NESKM", "Imie", "Nazwisko", "Nr_prawa_lotu") values('197274', 'DANUTA', 'ROGACHOVA', '377422') 
Insert into Kierowcy("Nr_ewidencji_NESKM", "Imie", "Nazwisko", "Nr_prawa_lotu") values('200170', 'MARTA', 'HYTROSZEK', '504141') 
Insert into Kierowcy("Nr_ewidencji_NESKM", "Imie", "Nazwisko", "Nr_prawa_lotu") values('630171', 'KASPIAN', 'SZTAJGERT', '689262') 
Insert into Kierowcy("Nr_ewidencji_NESKM", "Imie", "Nazwisko", "Nr_prawa_lotu") values('661252', 'ADAM', 'DALECZKO', '824141') 
Insert into Kierowcy("Nr_ewidencji_NESKM", "Imie", "Nazwisko", "Nr_prawa_lotu") values('586842', 'NATHAN', 'HANCZ', '883103') 
Insert into Kierowcy("Nr_ewidencji_NESKM", "Imie", "Nazwisko", "Nr_prawa_lotu") values('526163', 'JAKUB', 'HRYTSEVYCH', '641555') 
Insert into Kierowcy("Nr_ewidencji_NESKM", "Imie", "Nazwisko", "Nr_prawa_lotu") values('878858', 'JÓZEF', 'ROSINSKYI', '437685') 
Insert into Kierowcy("Nr_ewidencji_NESKM", "Imie", "Nazwisko", "Nr_prawa_lotu") values('692704', 'NATHAN', 'SKARPAŃSKI', '457501') 
Insert into Kierowcy("Nr_ewidencji_NESKM", "Imie", "Nazwisko", "Nr_prawa_lotu") values('328268', 'SEBASTIAN', 'LEVY', '390372') 
Insert into Kierowcy("Nr_ewidencji_NESKM", "Imie", "Nazwisko", "Nr_prawa_lotu") values('262485', 'MARIUSZ', 'BETLEJ', '682323') 
Insert into Kierowcy("Nr_ewidencji_NESKM", "Imie", "Nazwisko", "Nr_prawa_lotu") values('947480', 'NATANIEL', 'SYMEŁON', '970075') 
Insert into Kierowcy("Nr_ewidencji_NESKM", "Imie", "Nazwisko", "Nr_prawa_lotu") values('875894', 'STEFANIA', 'OLARI', '801084') 
Insert into Kierowcy("Nr_ewidencji_NESKM", "Imie", "Nazwisko", "Nr_prawa_lotu") values('449886', 'IDALIA', 'KURTYCZ', '362032') 
Insert into Kierowcy("Nr_ewidencji_NESKM", "Imie", "Nazwisko", "Nr_prawa_lotu") values('951076', 'DOMINIKA', 'MUGDA', '464369') 
Insert into Kierowcy("Nr_ewidencji_NESKM", "Imie", "Nazwisko", "Nr_prawa_lotu") values('689800', 'ALEXANDRA', 'CYGENHAGEN', '779828') 
Insert into Kierowcy("Nr_ewidencji_NESKM", "Imie", "Nazwisko", "Nr_prawa_lotu") values('824955', 'RITA', 'SZUTOCZKIN', '922344') 
Insert into Kierowcy("Nr_ewidencji_NESKM", "Imie", "Nazwisko", "Nr_prawa_lotu") values('680103', 'EMILIAN', 'LUCYK', '737919') 
Insert into Kierowcy("Nr_ewidencji_NESKM", "Imie", "Nazwisko", "Nr_prawa_lotu") values('486432', 'BERNARD', 'CZYGIER', '661820') 
Insert into Kierowcy("Nr_ewidencji_NESKM", "Imie", "Nazwisko", "Nr_prawa_lotu") values('835950', 'SEBASTIAN', 'RYCAJ', '906905') 
Insert into Kierowcy("Nr_ewidencji_NESKM", "Imie", "Nazwisko", "Nr_prawa_lotu") values('316371', 'MARTYNA', 'VALL', '542174') 
Insert into Kierowcy("Nr_ewidencji_NESKM", "Imie", "Nazwisko", "Nr_prawa_lotu") values('235427', 'SANDRA', 'LKHAGVA', '912682') 
Insert into Kierowcy("Nr_ewidencji_NESKM", "Imie", "Nazwisko", "Nr_prawa_lotu") values('130620', 'MAGDALENA', 'JUŹKIEWICZ', '620345') 
Insert into Kierowcy("Nr_ewidencji_NESKM", "Imie", "Nazwisko", "Nr_prawa_lotu") values('440330', 'PATRYK', 'PUDŹWA', '623819') 
Insert into Kierowcy("Nr_ewidencji_NESKM", "Imie", "Nazwisko", "Nr_prawa_lotu") values('793205', 'KRYSPIN', 'KURZYN', '624927') 
Insert into Kierowcy("Nr_ewidencji_NESKM", "Imie", "Nazwisko", "Nr_prawa_lotu") values('727797', 'BENIAMIN', 'MISINKIEWICZ', '829178') 
Insert into Kierowcy("Nr_ewidencji_NESKM", "Imie", "Nazwisko", "Nr_prawa_lotu") values('155278', 'MARTA', 'WRZAWA', '984495') 
Insert into Kierowcy("Nr_ewidencji_NESKM", "Imie", "Nazwisko", "Nr_prawa_lotu") values('914179', 'BRONISŁAW', 'KASPRUK', '369926') 
Insert into Kierowcy("Nr_ewidencji_NESKM", "Imie", "Nazwisko", "Nr_prawa_lotu") values('448007', 'KASPIAN', 'MROCHKA', '561137') 
Insert into Kierowcy("Nr_ewidencji_NESKM", "Imie", "Nazwisko", "Nr_prawa_lotu") values('264965', 'ALBERT', 'KITZNER', '608650') 
Insert into Kierowcy("Nr_ewidencji_NESKM", "Imie", "Nazwisko", "Nr_prawa_lotu") values('612478', 'IGNACY', 'KISZCZYC', '457106') 
Insert into Kierowcy("Nr_ewidencji_NESKM", "Imie", "Nazwisko", "Nr_prawa_lotu") values('434738', 'JAGODA', 'GRONDZIEWSKA', '454628') 
Insert into Kierowcy("Nr_ewidencji_NESKM", "Imie", "Nazwisko", "Nr_prawa_lotu") values('511830', 'NADIA', 'OFAT', '728305') 
Insert into Kierowcy("Nr_ewidencji_NESKM", "Imie", "Nazwisko", "Nr_prawa_lotu") values('379798', 'HUGO', 'BZDULSKI', '934579') 
Insert into Kierowcy("Nr_ewidencji_NESKM", "Imie", "Nazwisko", "Nr_prawa_lotu") values('942789', 'OLIVER', 'WITOSIŃSKI', '639736') 
Insert into Kierowcy("Nr_ewidencji_NESKM", "Imie", "Nazwisko", "Nr_prawa_lotu") values('356092', 'ELŻBIETA', 'MARDZIŃSKA', '743605') 
Insert into Kierowcy("Nr_ewidencji_NESKM", "Imie", "Nazwisko", "Nr_prawa_lotu") values('642351', 'LILIA', 'SCHILDT', '557779') 
Insert into Kierowcy("Nr_ewidencji_NESKM", "Imie", "Nazwisko", "Nr_prawa_lotu") values('740413', 'FLORIAN', 'MORYLEWSKI', '678416') 
Insert into Kierowcy("Nr_ewidencji_NESKM", "Imie", "Nazwisko", "Nr_prawa_lotu") values('281681', 'EMILIAN', 'FISAHN', '717119') 
Insert into Kierowcy("Nr_ewidencji_NESKM", "Imie", "Nazwisko", "Nr_prawa_lotu") values('773995', 'LEO', 'OSÓBKA-ZIELIŃSKI', '395970') 
Insert into Kierowcy("Nr_ewidencji_NESKM", "Imie", "Nazwisko", "Nr_prawa_lotu") values('655217', 'JACEK', 'GRZEZIERSKI', '748967') 
Insert into Kierowcy("Nr_ewidencji_NESKM", "Imie", "Nazwisko", "Nr_prawa_lotu") values('667604', 'TERESA', 'SIERANTOWICZ', '751330') 
Insert into Kierowcy("Nr_ewidencji_NESKM", "Imie", "Nazwisko", "Nr_prawa_lotu") values('699789', 'INES', 'KOSTKA-BOSAKOWSKA', '498816') 
Insert into Kierowcy("Nr_ewidencji_NESKM", "Imie", "Nazwisko", "Nr_prawa_lotu") values('176370', 'JOWITA', 'OROBEĆ', '702585') 
Insert into Kierowcy("Nr_ewidencji_NESKM", "Imie", "Nazwisko", "Nr_prawa_lotu") values('628424', 'REMIGIUSZ', 'MARKHAM', '539976') 
Insert into Kierowcy("Nr_ewidencji_NESKM", "Imie", "Nazwisko", "Nr_prawa_lotu") values('109623', 'RAFAŁ', 'STOCZEWSKI', '410089') 
Insert into Kierowcy("Nr_ewidencji_NESKM", "Imie", "Nazwisko", "Nr_prawa_lotu") values('556519', 'TOMASZ', 'PODSIADLIK', '981023') 
Insert into Kierowcy("Nr_ewidencji_NESKM", "Imie", "Nazwisko", "Nr_prawa_lotu") values('698577', 'NOEMI', 'FIJAŁKOSKA', '549508') 
Insert into Kierowcy("Nr_ewidencji_NESKM", "Imie", "Nazwisko", "Nr_prawa_lotu") values('720573', 'MAYA', 'RĘKAWKA', '802294') 
Insert into Kierowcy("Nr_ewidencji_NESKM", "Imie", "Nazwisko", "Nr_prawa_lotu") values('336447', 'RADOSŁAW', 'ŻYCHLA', '478515') 
Insert into Kierowcy("Nr_ewidencji_NESKM", "Imie", "Nazwisko", "Nr_prawa_lotu") values('904574', 'JUDYTA', 'POMMERANKE', '394014') 
Insert into Kierowcy("Nr_ewidencji_NESKM", "Imie", "Nazwisko", "Nr_prawa_lotu") values('441615', 'NIKODEM', 'SZYMILEWICZ', '651475') 
Insert into Kierowcy("Nr_ewidencji_NESKM", "Imie", "Nazwisko", "Nr_prawa_lotu") values('612502', 'LUDWIKA', 'KAWKO', '426770') 
Insert into Kierowcy("Nr_ewidencji_NESKM", "Imie", "Nazwisko", "Nr_prawa_lotu") values('469209', 'GRETA', 'BRZEŚKIEWICZ', '406177') 
Insert into Kierowcy("Nr_ewidencji_NESKM", "Imie", "Nazwisko", "Nr_prawa_lotu") values('171385', 'NATANIEL', 'MOLENDYS', '791794') 
Insert into Kierowcy("Nr_ewidencji_NESKM", "Imie", "Nazwisko", "Nr_prawa_lotu") values('669969', 'ALINA', 'CHOWANEK', '580547') 
Insert into Kierowcy("Nr_ewidencji_NESKM", "Imie", "Nazwisko", "Nr_prawa_lotu") values('467223', 'STEFAN', 'GAJDECZKA', '354697') 
Insert into Kierowcy("Nr_ewidencji_NESKM", "Imie", "Nazwisko", "Nr_prawa_lotu") values('176377', 'OKTAWIA', 'NAPIORKOWSKA', '395557') 
Insert into Kierowcy("Nr_ewidencji_NESKM", "Imie", "Nazwisko", "Nr_prawa_lotu") values('407422', 'ANTONINA', 'KORŻENKO', '962007') 
Insert into Kierowcy("Nr_ewidencji_NESKM", "Imie", "Nazwisko", "Nr_prawa_lotu") values('674013', 'SŁAWOMIR', 'BONTOR', '579909') 
Insert into Kierowcy("Nr_ewidencji_NESKM", "Imie", "Nazwisko", "Nr_prawa_lotu") values('427609', 'CYPRIAN', 'DARMONOS', '380168') 
Insert into Kierowcy("Nr_ewidencji_NESKM", "Imie", "Nazwisko", "Nr_prawa_lotu") values('868152', 'INGA', 'DZIASHKO', '637345') 
Insert into Kierowcy("Nr_ewidencji_NESKM", "Imie", "Nazwisko", "Nr_prawa_lotu") values('191469', 'MARIUSZ', 'JAKUSZ', '493486') 
Insert into Kierowcy("Nr_ewidencji_NESKM", "Imie", "Nazwisko", "Nr_prawa_lotu") values('511791', 'KRYSTIAN', 'FEDYCZAK', '525826') 
Insert into Kierowcy("Nr_ewidencji_NESKM", "Imie", "Nazwisko", "Nr_prawa_lotu") values('552524', 'ADAM', 'MICHALICHA', '775757') 
Insert into Kierowcy("Nr_ewidencji_NESKM", "Imie", "Nazwisko", "Nr_prawa_lotu") values('572293', 'BERNARD', 'POSTEMSKYI', '825703') 
Insert into Kierowcy("Nr_ewidencji_NESKM", "Imie", "Nazwisko", "Nr_prawa_lotu") values('982333', 'NATANIEL', 'AKRICHE', '693750') 
Insert into Kierowcy("Nr_ewidencji_NESKM", "Imie", "Nazwisko", "Nr_prawa_lotu") values('339240', 'JULIAN', 'ĆWIDAK', '366390') 
Insert into Kierowcy("Nr_ewidencji_NESKM", "Imie", "Nazwisko", "Nr_prawa_lotu") values('142206', 'MAJKA', 'BOZETICKÁ', '690420') 
Insert into Kierowcy("Nr_ewidencji_NESKM", "Imie", "Nazwisko", "Nr_prawa_lotu") values('760274', 'ADRIANNA', 'WÖGERER', '721270') 
Insert into Kierowcy("Nr_ewidencji_NESKM", "Imie", "Nazwisko", "Nr_prawa_lotu") values('263832', 'LILIANA', 'ŁABONARSKA', '722169') 
Insert into Kierowcy("Nr_ewidencji_NESKM", "Imie", "Nazwisko", "Nr_prawa_lotu") values('431625', 'MICHAEL', 'KINIEC', '915470') 
Insert into Kierowcy("Nr_ewidencji_NESKM", "Imie", "Nazwisko", "Nr_prawa_lotu") values('374353', 'BŁAŻEJ', 'SŁOJKOWSKI', '465521') 
Insert into Kierowcy("Nr_ewidencji_NESKM", "Imie", "Nazwisko", "Nr_prawa_lotu") values('379258', 'ANIELA', 'SMOLANO', '679152') 
Insert into Kierowcy("Nr_ewidencji_NESKM", "Imie", "Nazwisko", "Nr_prawa_lotu") values('701932', 'GUSTAW', 'DINKOW-GEORGIJEW', '817955') 
Insert into Kierowcy("Nr_ewidencji_NESKM", "Imie", "Nazwisko", "Nr_prawa_lotu") values('884118', 'SABINA', 'TYMICKA', '666376') 
Insert into Kierowcy("Nr_ewidencji_NESKM", "Imie", "Nazwisko", "Nr_prawa_lotu") values('609786', 'ARKADIUSZ', 'CUPRIAN', '747886') 
Insert into Kierowcy("Nr_ewidencji_NESKM", "Imie", "Nazwisko", "Nr_prawa_lotu") values('281683', 'ARIANNA', 'SIWERD', '682504') 
Insert into Kierowcy("Nr_ewidencji_NESKM", "Imie", "Nazwisko", "Nr_prawa_lotu") values('959845', 'DANIELA', 'RODRIGUES FERNANDES', '812864') 
Insert into Kierowcy("Nr_ewidencji_NESKM", "Imie", "Nazwisko", "Nr_prawa_lotu") values('881427', 'ANTONI', 'HOŁYSIAK', '647726') 
Insert into Kierowcy("Nr_ewidencji_NESKM", "Imie", "Nazwisko", "Nr_prawa_lotu") values('588458', 'LILA', 'GARBOL', '531467') 
Insert into Kierowcy("Nr_ewidencji_NESKM", "Imie", "Nazwisko", "Nr_prawa_lotu") values('825758', 'NATHAN', 'EMIROW', '411539') 
Insert into Kierowcy("Nr_ewidencji_NESKM", "Imie", "Nazwisko", "Nr_prawa_lotu") values('169517', 'IVO', 'CIEMNIAK', '851345') 
Insert into Kierowcy("Nr_ewidencji_NESKM", "Imie", "Nazwisko", "Nr_prawa_lotu") values('407121', 'LARYSA', 'KLANKIEWICZ', '911604') 
Insert into Kierowcy("Nr_ewidencji_NESKM", "Imie", "Nazwisko", "Nr_prawa_lotu") values('123751', 'KATARZYNA', 'STRACZYŃSKA', '844493') 
Insert into Kierowcy("Nr_ewidencji_NESKM", "Imie", "Nazwisko", "Nr_prawa_lotu") values('975921', 'ZUZANNA', 'PIELOT', '350360') 
Insert into Kierowcy("Nr_ewidencji_NESKM", "Imie", "Nazwisko", "Nr_prawa_lotu") values('974469', 'GNIEWOMIR', 'GRÜTZNER', '543515') 
Insert into Kierowcy("Nr_ewidencji_NESKM", "Imie", "Nazwisko", "Nr_prawa_lotu") values('567793', 'PASCAL', 'SEREMET', '711823') 
Insert into Kierowcy("Nr_ewidencji_NESKM", "Imie", "Nazwisko", "Nr_prawa_lotu") values('807127', 'TEODOR', 'TSOLKO', '417197') 
Insert into Kierowcy("Nr_ewidencji_NESKM", "Imie", "Nazwisko", "Nr_prawa_lotu") values('428541', 'DIEGO', 'BENEDYCZUK', '591126') 
Insert into Kierowcy("Nr_ewidencji_NESKM", "Imie", "Nazwisko", "Nr_prawa_lotu") values('466633', 'NICOLAS', 'GREGEL', '406202') 
Insert into Kierowcy("Nr_ewidencji_NESKM", "Imie", "Nazwisko", "Nr_prawa_lotu") values('195811', 'CECYLIA', 'JÓZWICKA', '531773') 
Insert into Kierowcy("Nr_ewidencji_NESKM", "Imie", "Nazwisko", "Nr_prawa_lotu") values('556408', 'MAJKA', 'OLECKA', '845770') 
Insert into Kierowcy("Nr_ewidencji_NESKM", "Imie", "Nazwisko", "Nr_prawa_lotu") values('310380', 'ADELAJDA', 'POROMBKA', '869000') 
Insert into Kierowcy("Nr_ewidencji_NESKM", "Imie", "Nazwisko", "Nr_prawa_lotu") values('376520', 'HONORATA', 'GDYK', '622930') 
Insert into Kierowcy("Nr_ewidencji_NESKM", "Imie", "Nazwisko", "Nr_prawa_lotu") values('187998', 'ŻANETA', 'TYMOVSKA', '807787') 
Insert into Kierowcy("Nr_ewidencji_NESKM", "Imie", "Nazwisko", "Nr_prawa_lotu") values('446968', 'KALINA', 'KALYNYUK', '372243') 
Insert into Kierowcy("Nr_ewidencji_NESKM", "Imie", "Nazwisko", "Nr_prawa_lotu") values('986686', 'OLIVIER', 'DONOT', '940432') 
Insert into Kierowcy("Nr_ewidencji_NESKM", "Imie", "Nazwisko", "Nr_prawa_lotu") values('171335', 'OLGIERD', 'RAASZ', '651336') 
Insert into Kierowcy("Nr_ewidencji_NESKM", "Imie", "Nazwisko", "Nr_prawa_lotu") values('720168', 'LUDWIKA', 'GARKOWSKA', '680456') 
Insert into Kierowcy("Nr_ewidencji_NESKM", "Imie", "Nazwisko", "Nr_prawa_lotu") values('694093', 'MIESZKO', 'UMANTSEV', '396339') 
Insert into Kierowcy("Nr_ewidencji_NESKM", "Imie", "Nazwisko", "Nr_prawa_lotu") values('188136', 'VINCENT', 'KIDERYS', '636792') 
Insert into Kierowcy("Nr_ewidencji_NESKM", "Imie", "Nazwisko", "Nr_prawa_lotu") values('188729', 'AMANDA', 'CHARWAT', '713684') 
Insert into Kierowcy("Nr_ewidencji_NESKM", "Imie", "Nazwisko", "Nr_prawa_lotu") values('994895', 'DOBRAWA', 'ŻUCHEWICZ', '525540') 
Insert into Kierowcy("Nr_ewidencji_NESKM", "Imie", "Nazwisko", "Nr_prawa_lotu") values('244184', 'MARCELA', 'VAN DEN BERGE', '409561') 
Insert into Kierowcy("Nr_ewidencji_NESKM", "Imie", "Nazwisko", "Nr_prawa_lotu") values('118492', 'FELICJA', 'KUKSEWICZ', '527960') 
Insert into Kierowcy("Nr_ewidencji_NESKM", "Imie", "Nazwisko", "Nr_prawa_lotu") values('189280', 'OSKAR', 'VASQUEZ WÓJCZYK', '353912') 
Insert into Kierowcy("Nr_ewidencji_NESKM", "Imie", "Nazwisko", "Nr_prawa_lotu") values('210860', 'MATYLDA', 'KASZEL', '519665') 
Insert into Kierowcy("Nr_ewidencji_NESKM", "Imie", "Nazwisko", "Nr_prawa_lotu") values('662486', 'MARCELA', 'STROŻAK', '538579') 
Insert into Kierowcy("Nr_ewidencji_NESKM", "Imie", "Nazwisko", "Nr_prawa_lotu") values('696659', 'JUSTYNA', 'HARASYMCHUK', '712486') 
Insert into Kierowcy("Nr_ewidencji_NESKM", "Imie", "Nazwisko", "Nr_prawa_lotu") values('931730', 'OSCAR', 'ROSPERSKI', '757613') 
Insert into Kierowcy("Nr_ewidencji_NESKM", "Imie", "Nazwisko", "Nr_prawa_lotu") values('411311', 'ALEKSANDER', 'CHINEMBIRI', '947352') 
Insert into Kierowcy("Nr_ewidencji_NESKM", "Imie", "Nazwisko", "Nr_prawa_lotu") values('698919', 'OLIVIA', 'HUBERTY', '656828') 
Insert into Kierowcy("Nr_ewidencji_NESKM", "Imie", "Nazwisko", "Nr_prawa_lotu") values('505333', 'ANDŻELIKA', 'GUTU', '850765') 
Insert into Kierowcy("Nr_ewidencji_NESKM", "Imie", "Nazwisko", "Nr_prawa_lotu") values('979127', 'MARIANNA', 'FICULAK', '346009') 
Insert into Kierowcy("Nr_ewidencji_NESKM", "Imie", "Nazwisko", "Nr_prawa_lotu") values('446611', 'URSZULA', 'KASUBEK', '858583') 
Insert into Kierowcy("Nr_ewidencji_NESKM", "Imie", "Nazwisko", "Nr_prawa_lotu") values('785764', 'DOROTA', 'CIBULKOVÁ', '637015') 
Insert into Kierowcy("Nr_ewidencji_NESKM", "Imie", "Nazwisko", "Nr_prawa_lotu") values('715588', 'KORNEL', 'SZUMYŁOWICZ', '830756') 
Insert into Kierowcy("Nr_ewidencji_NESKM", "Imie", "Nazwisko", "Nr_prawa_lotu") values('127592', 'MICHALINA', 'SUCHOWIECKA', '676569') 
Insert into Kierowcy("Nr_ewidencji_NESKM", "Imie", "Nazwisko", "Nr_prawa_lotu") values('817157', 'KATARZYNA', 'WETLIŃSKA', '416653') 
Insert into Kierowcy("Nr_ewidencji_NESKM", "Imie", "Nazwisko", "Nr_prawa_lotu") values('169260', 'MILENA', 'KOKUN', '730028') 
Insert into Kierowcy("Nr_ewidencji_NESKM", "Imie", "Nazwisko", "Nr_prawa_lotu") values('394630', 'JAKUB', 'BLOMMAERT', '593599') 
Insert into Kierowcy("Nr_ewidencji_NESKM", "Imie", "Nazwisko", "Nr_prawa_lotu") values('374899', 'BIANKA', 'BUMAŻNIK', '537419') 
Insert into Kierowcy("Nr_ewidencji_NESKM", "Imie", "Nazwisko", "Nr_prawa_lotu") values('527219', 'KORNELIUSZ', 'DZIUDZIA', '587110') 
Insert into Kierowcy("Nr_ewidencji_NESKM", "Imie", "Nazwisko", "Nr_prawa_lotu") values('740129', 'TEODOR', 'LAKSANDER', '482983') 
Insert into Kierowcy("Nr_ewidencji_NESKM", "Imie", "Nazwisko", "Nr_prawa_lotu") values('963158', 'SŁAWOMIR', 'FURGA', '669218') 
Insert into Kierowcy("Nr_ewidencji_NESKM", "Imie", "Nazwisko", "Nr_prawa_lotu") values('268528', 'BRYAN', 'KOSZKUĆ', '733654') 
Insert into Kierowcy("Nr_ewidencji_NESKM", "Imie", "Nazwisko", "Nr_prawa_lotu") values('258563', 'NICOLE', 'ROBACZKIEWICZ', '976492') 
Insert into Kierowcy("Nr_ewidencji_NESKM", "Imie", "Nazwisko", "Nr_prawa_lotu") values('350347', 'MARCELINA', 'OKSENFELD', '786159') 
Insert into Kierowcy("Nr_ewidencji_NESKM", "Imie", "Nazwisko", "Nr_prawa_lotu") values('358696', 'WIKTORIA', 'PAPROTKA', '838943') 
Insert into Kierowcy("Nr_ewidencji_NESKM", "Imie", "Nazwisko", "Nr_prawa_lotu") values('649011', 'WOJCIECH', 'KARPUK', '402192') 
Insert into Kierowcy("Nr_ewidencji_NESKM", "Imie", "Nazwisko", "Nr_prawa_lotu") values('557686', 'MONIKA', 'THEODOSIADOU', '959810') 
Insert into Kierowcy("Nr_ewidencji_NESKM", "Imie", "Nazwisko", "Nr_prawa_lotu") values('404474', 'EWA', 'BROZA DEKEL', '923762') 
Insert into Kierowcy("Nr_ewidencji_NESKM", "Imie", "Nazwisko", "Nr_prawa_lotu") values('128360', 'BOGNA', 'DYMNIKOWA', '410629') 
Insert into Kierowcy("Nr_ewidencji_NESKM", "Imie", "Nazwisko", "Nr_prawa_lotu") values('949559', 'WILHELM', 'SZMAINTA', '952072') 
Insert into Kierowcy("Nr_ewidencji_NESKM", "Imie", "Nazwisko", "Nr_prawa_lotu") values('967148', 'WIOLETTA', 'GĄSIENICA-KASPRUŚ', '874784') 
Insert into Kierowcy("Nr_ewidencji_NESKM", "Imie", "Nazwisko", "Nr_prawa_lotu") values('352710', 'ERNEST', 'UŁOGA', '747214') 
Insert into Kierowcy("Nr_ewidencji_NESKM", "Imie", "Nazwisko", "Nr_prawa_lotu") values('434849', 'MARTA', 'ZERKOWSKA', '822808') 
Insert into Kierowcy("Nr_ewidencji_NESKM", "Imie", "Nazwisko", "Nr_prawa_lotu") values('987167', 'WIKTOR', 'BALDAN', '612422') 
Insert into Kierowcy("Nr_ewidencji_NESKM", "Imie", "Nazwisko", "Nr_prawa_lotu") values('869367', 'SARA', 'DANCHEVSKA', '348261') 
Insert into Kierowcy("Nr_ewidencji_NESKM", "Imie", "Nazwisko", "Nr_prawa_lotu") values('394276', 'BRYGIDA', 'SOBIELARSKA', '363049') 
Insert into Kierowcy("Nr_ewidencji_NESKM", "Imie", "Nazwisko", "Nr_prawa_lotu") values('801946', 'NIKODEM', 'BIENDARRA', '824099') 
Insert into Kierowcy("Nr_ewidencji_NESKM", "Imie", "Nazwisko", "Nr_prawa_lotu") values('949093', 'ADRIANA', 'KRĘBLASZ', '381400') 
Insert into Kierowcy("Nr_ewidencji_NESKM", "Imie", "Nazwisko", "Nr_prawa_lotu") values('642738', 'OLIMPIA', 'DZIERZEŃSKA', '537642') 
Insert into Kierowcy("Nr_ewidencji_NESKM", "Imie", "Nazwisko", "Nr_prawa_lotu") values('933437', 'ANATOL', 'IAKUNIN', '843828') 
Insert into Kierowcy("Nr_ewidencji_NESKM", "Imie", "Nazwisko", "Nr_prawa_lotu") values('874760', 'OSCAR', 'PABJASZ', '721771') 
Insert into Kierowcy("Nr_ewidencji_NESKM", "Imie", "Nazwisko", "Nr_prawa_lotu") values('278726', 'KINGA', 'NAFALSKA', '856665') 
Insert into Kierowcy("Nr_ewidencji_NESKM", "Imie", "Nazwisko", "Nr_prawa_lotu") values('547177', 'EDYTA', 'HLUSHAN', '767160') 
Insert into Kierowcy("Nr_ewidencji_NESKM", "Imie", "Nazwisko", "Nr_prawa_lotu") values('797364', 'AMELIA', 'FELSAJ', '530897') 
Insert into Kierowcy("Nr_ewidencji_NESKM", "Imie", "Nazwisko", "Nr_prawa_lotu") values('168144', 'RAFAŁ', 'NOWICKI-SAK', '846211') 
Insert into Kierowcy("Nr_ewidencji_NESKM", "Imie", "Nazwisko", "Nr_prawa_lotu") values('974151', 'SARA', 'ARIS', '511681') 
Insert into Kierowcy("Nr_ewidencji_NESKM", "Imie", "Nazwisko", "Nr_prawa_lotu") values('968501', 'JOWITA', 'DUBAJ', '543646') 
Insert into Kierowcy("Nr_ewidencji_NESKM", "Imie", "Nazwisko", "Nr_prawa_lotu") values('722816', 'RYSZARD', 'ZALIWSKI', '829230') 
Insert into Kierowcy("Nr_ewidencji_NESKM", "Imie", "Nazwisko", "Nr_prawa_lotu") values('838928', 'MATYLDA', 'MISKIV', '575215') 
Insert into Kierowcy("Nr_ewidencji_NESKM", "Imie", "Nazwisko", "Nr_prawa_lotu") values('564484', 'KRYSTYNA', 'KAPCIUCH', '440340') 
Insert into Kierowcy("Nr_ewidencji_NESKM", "Imie", "Nazwisko", "Nr_prawa_lotu") values('598112', 'TERESA', 'KACHALOVA', '513360') 
Insert into Kierowcy("Nr_ewidencji_NESKM", "Imie", "Nazwisko", "Nr_prawa_lotu") values('106935', 'GABRIELA', 'SUNKŁAD', '827661') 
Insert into Kierowcy("Nr_ewidencji_NESKM", "Imie", "Nazwisko", "Nr_prawa_lotu") values('569714', 'FRANCISZEK', 'KARTOVICH', '707338') 
Insert into Kierowcy("Nr_ewidencji_NESKM", "Imie", "Nazwisko", "Nr_prawa_lotu") values('436345', 'SANTIAGO', 'KRZYZCZYK', '779506') 
Insert into Kierowcy("Nr_ewidencji_NESKM", "Imie", "Nazwisko", "Nr_prawa_lotu") values('113751', 'NOEMI', 'GOSTIK', '766280') 
Insert into Kierowcy("Nr_ewidencji_NESKM", "Imie", "Nazwisko", "Nr_prawa_lotu") values('459192', 'ANIELA', 'KUBIC', '692574') 
Insert into Kierowcy("Nr_ewidencji_NESKM", "Imie", "Nazwisko", "Nr_prawa_lotu") values('332391', 'MAURYCY', 'KITOWSKI', '430854') 
Insert into Kierowcy("Nr_ewidencji_NESKM", "Imie", "Nazwisko", "Nr_prawa_lotu") values('894104', 'KONSTANTY', 'FALDUTO', '949897') 
Insert into Kierowcy("Nr_ewidencji_NESKM", "Imie", "Nazwisko", "Nr_prawa_lotu") values('476121', 'MICHALINA', 'ŞEFTALI', '954414') 
Insert into Kierowcy("Nr_ewidencji_NESKM", "Imie", "Nazwisko", "Nr_prawa_lotu") values('292395', 'AURELIA', 'MAKHYNIA', '797700') 
Insert into Kierowcy("Nr_ewidencji_NESKM", "Imie", "Nazwisko", "Nr_prawa_lotu") values('750705', 'LARYSA', 'QUIGG', '472563') 
Insert into Kierowcy("Nr_ewidencji_NESKM", "Imie", "Nazwisko", "Nr_prawa_lotu") values('292932', 'ALEKS', 'MALIGAN', '531548') 
Insert into Kierowcy("Nr_ewidencji_NESKM", "Imie", "Nazwisko", "Nr_prawa_lotu") values('832610', 'GLORIA', 'DRONICZ', '717859') 
Insert into Kierowcy("Nr_ewidencji_NESKM", "Imie", "Nazwisko", "Nr_prawa_lotu") values('128329', 'ARON', 'MUDRÓW', '599528') 
Insert into Kierowcy("Nr_ewidencji_NESKM", "Imie", "Nazwisko", "Nr_prawa_lotu") values('647432', 'GRZEGORZ', 'MATEA', '626209') 
Insert into Kierowcy("Nr_ewidencji_NESKM", "Imie", "Nazwisko", "Nr_prawa_lotu") values('845431', 'NATAN', 'ARDITTI', '454474') 
Insert into Kierowcy("Nr_ewidencji_NESKM", "Imie", "Nazwisko", "Nr_prawa_lotu") values('693325', 'MIA', 'SZŁYSZKIEWICZ', '701460') 
Insert into Kierowcy("Nr_ewidencji_NESKM", "Imie", "Nazwisko", "Nr_prawa_lotu") values('752973', 'GABRIEL', 'MROWIETZ', '354098') 
Insert into Kierowcy("Nr_ewidencji_NESKM", "Imie", "Nazwisko", "Nr_prawa_lotu") values('803474', 'BARBARA', 'HAMLET', '491348') 
Insert into Kierowcy("Nr_ewidencji_NESKM", "Imie", "Nazwisko", "Nr_prawa_lotu") values('241086', 'JEREMI', 'GOTTUK', '631865') 
Insert into Kierowcy("Nr_ewidencji_NESKM", "Imie", "Nazwisko", "Nr_prawa_lotu") values('138445', 'BENEDYKT', 'WAJDEMAN', '511658') 
Insert into Kierowcy("Nr_ewidencji_NESKM", "Imie", "Nazwisko", "Nr_prawa_lotu") values('836125', 'NADIA', 'FRAINT', '487865') 
Insert into Kierowcy("Nr_ewidencji_NESKM", "Imie", "Nazwisko", "Nr_prawa_lotu") values('569410', 'MAJKA', 'DRATSEVICH', '543786') 
Insert into Kierowcy("Nr_ewidencji_NESKM", "Imie", "Nazwisko", "Nr_prawa_lotu") values('202958', 'MARIUSZ', 'SHANA', '446813') 
Insert into Kierowcy("Nr_ewidencji_NESKM", "Imie", "Nazwisko", "Nr_prawa_lotu") values('367385', 'TATIANA', 'NIEWIADOMSKI', '816910') 
Insert into Kierowcy("Nr_ewidencji_NESKM", "Imie", "Nazwisko", "Nr_prawa_lotu") values('196250', 'EMILY', 'HUSSAK', '704460') 
Insert into Kierowcy("Nr_ewidencji_NESKM", "Imie", "Nazwisko", "Nr_prawa_lotu") values('781953', 'ANNA', 'NOWAKOWSKA-GRZESIAK', '495258') 
Insert into Kierowcy("Nr_ewidencji_NESKM", "Imie", "Nazwisko", "Nr_prawa_lotu") values('186995', 'DALIA', 'PIRZAŃSKA', '862526') 
Insert into Kierowcy("Nr_ewidencji_NESKM", "Imie", "Nazwisko", "Nr_prawa_lotu") values('928216', 'LARA', 'BADENKO', '554953') 
Insert into Kierowcy("Nr_ewidencji_NESKM", "Imie", "Nazwisko", "Nr_prawa_lotu") values('466566', 'WANESSA', 'ISNER', '817575') 
Insert into Kierowcy("Nr_ewidencji_NESKM", "Imie", "Nazwisko", "Nr_prawa_lotu") values('182943', 'TERESA', 'SIERHEJ', '431045') 
Insert into Kierowcy("Nr_ewidencji_NESKM", "Imie", "Nazwisko", "Nr_prawa_lotu") values('804052', 'VANESSA', 'CHROŚCIELECKA', '832704') 
Insert into Kierowcy("Nr_ewidencji_NESKM", "Imie", "Nazwisko", "Nr_prawa_lotu") values('194273', 'MIRIAM', 'REMARCHUK', '606887') 
Insert into Kierowcy("Nr_ewidencji_NESKM", "Imie", "Nazwisko", "Nr_prawa_lotu") values('793619', 'FABIAN', 'BEŁAS', '956732') 
Insert into Kierowcy("Nr_ewidencji_NESKM", "Imie", "Nazwisko", "Nr_prawa_lotu") values('792976', 'LILIANNA', 'BRUSILEWICZ', '346503') 
Insert into Kierowcy("Nr_ewidencji_NESKM", "Imie", "Nazwisko", "Nr_prawa_lotu") values('336001', 'BRYAN', 'KUBIATOWICZ', '726088') 
Insert into Kierowcy("Nr_ewidencji_NESKM", "Imie", "Nazwisko", "Nr_prawa_lotu") values('681856', 'SEWERYN', 'WŁADZIEWICZ', '728570') 
Insert into Kierowcy("Nr_ewidencji_NESKM", "Imie", "Nazwisko", "Nr_prawa_lotu") values('339739', 'SARA', 'ŁONOWSKA', '510864') 
Insert into Kierowcy("Nr_ewidencji_NESKM", "Imie", "Nazwisko", "Nr_prawa_lotu") values('805597', 'ARTUR', 'KHADYKA', '579224') 
Insert into Kierowcy("Nr_ewidencji_NESKM", "Imie", "Nazwisko", "Nr_prawa_lotu") values('412846', 'KSENIA', 'BELLECKA', '883701') 
Insert into Kierowcy("Nr_ewidencji_NESKM", "Imie", "Nazwisko", "Nr_prawa_lotu") values('821926', 'CECYLIA', 'ZIĘTARA-CZARNECKA', '906540') 
Insert into Kierowcy("Nr_ewidencji_NESKM", "Imie", "Nazwisko", "Nr_prawa_lotu") values('130900', 'KSENIA', 'CHOŁOCIŃSKA', '612396') 
Insert into Kierowcy("Nr_ewidencji_NESKM", "Imie", "Nazwisko", "Nr_prawa_lotu") values('492520', 'GRETA', 'PIOTRASCHKE', '352530') 
Insert into Kierowcy("Nr_ewidencji_NESKM", "Imie", "Nazwisko", "Nr_prawa_lotu") values('316098', 'NELA', 'SZMECHTA', '533479') 
Insert into Kierowcy("Nr_ewidencji_NESKM", "Imie", "Nazwisko", "Nr_prawa_lotu") values('323402', 'WANESSA', 'HOWANIEC', '810812') 
Insert into Kierowcy("Nr_ewidencji_NESKM", "Imie", "Nazwisko", "Nr_prawa_lotu") values('952654', 'NIKOLAS', 'HARTIGAN', '527926') 
Insert into Kierowcy("Nr_ewidencji_NESKM", "Imie", "Nazwisko", "Nr_prawa_lotu") values('926588', 'OLIWIER', 'KRAŚNIEWSKI', '575383') 
Insert into Kierowcy("Nr_ewidencji_NESKM", "Imie", "Nazwisko", "Nr_prawa_lotu") values('980422', 'FILIP', 'KNYSZKA', '639303') 
Insert into Kierowcy("Nr_ewidencji_NESKM", "Imie", "Nazwisko", "Nr_prawa_lotu") values('983252', 'GAJA', 'DEMARKOWSKA', '401169') 
Insert into Kierowcy("Nr_ewidencji_NESKM", "Imie", "Nazwisko", "Nr_prawa_lotu") values('648674', 'MARZENA', 'KORONIEWSKA', '542496') 
Insert into Kierowcy("Nr_ewidencji_NESKM", "Imie", "Nazwisko", "Nr_prawa_lotu") values('322036', 'LUIZA', 'BŁONKIEWICZ-GAWEŁ', '870974') 
Insert into Kierowcy("Nr_ewidencji_NESKM", "Imie", "Nazwisko", "Nr_prawa_lotu") values('539787', 'LILLA', 'BRUŹ', '359255') 
Insert into Kierowcy("Nr_ewidencji_NESKM", "Imie", "Nazwisko", "Nr_prawa_lotu") values('940127', 'JOACHIM', 'FEIFFER', '466390') 
Insert into Kierowcy("Nr_ewidencji_NESKM", "Imie", "Nazwisko", "Nr_prawa_lotu") values('802158', 'NADIA', 'WIKIERA', '804753') 
Insert into Kierowcy("Nr_ewidencji_NESKM", "Imie", "Nazwisko", "Nr_prawa_lotu") values('715808', 'LUDWIK', 'RYMBACZ', '813237') 
Insert into Kierowcy("Nr_ewidencji_NESKM", "Imie", "Nazwisko", "Nr_prawa_lotu") values('671582', 'KRYSPIN', 'HARLAKOWICZ', '614598') 
Insert into Kierowcy("Nr_ewidencji_NESKM", "Imie", "Nazwisko", "Nr_prawa_lotu") values('117032', 'WILLIAM', 'KLADIWA', '553794') 
Insert into Kierowcy("Nr_ewidencji_NESKM", "Imie", "Nazwisko", "Nr_prawa_lotu") values('955100', 'ANDŻELIKA', 'PYŁYP', '801816') 
Insert into Kierowcy("Nr_ewidencji_NESKM", "Imie", "Nazwisko", "Nr_prawa_lotu") values('554267', 'MAGDA', 'ŁUKIAŃSKA', '639000') 
Insert into Kierowcy("Nr_ewidencji_NESKM", "Imie", "Nazwisko", "Nr_prawa_lotu") values('953580', 'KLAUDIA', 'SCHURGACZ', '482248') 
Insert into Kierowcy("Nr_ewidencji_NESKM", "Imie", "Nazwisko", "Nr_prawa_lotu") values('478562', 'JÓZEF', 'HRECZAŃSKI', '593164') 
Insert into Kierowcy("Nr_ewidencji_NESKM", "Imie", "Nazwisko", "Nr_prawa_lotu") values('275258', 'EMMA', 'DOCIAK', '570374') 
Insert into Kierowcy("Nr_ewidencji_NESKM", "Imie", "Nazwisko", "Nr_prawa_lotu") values('674826', 'OSKAR', 'HOŁOWIENKO', '896565') 
Insert into Kierowcy("Nr_ewidencji_NESKM", "Imie", "Nazwisko", "Nr_prawa_lotu") values('956399', 'ELENA', 'SKOCZYK', '974542') 
Insert into Kierowcy("Nr_ewidencji_NESKM", "Imie", "Nazwisko", "Nr_prawa_lotu") values('272629', 'SEBASTIAN', 'LAGIERSKI', '460795') 
Insert into Kierowcy("Nr_ewidencji_NESKM", "Imie", "Nazwisko", "Nr_prawa_lotu") values('147679', 'SOPHIE', 'BOBUKH', '798145') 
Insert into Kierowcy("Nr_ewidencji_NESKM", "Imie", "Nazwisko", "Nr_prawa_lotu") values('891948', 'WANESSA', 'VOVKODAV', '660659') 
Insert into Kierowcy("Nr_ewidencji_NESKM", "Imie", "Nazwisko", "Nr_prawa_lotu") values('389332', 'ŁUCJA', 'LUBLIŃSKI', '422322') 
Insert into Kierowcy("Nr_ewidencji_NESKM", "Imie", "Nazwisko", "Nr_prawa_lotu") values('728480', 'MILENA', 'CHROŚCIANY', '700451') 
Insert into Kierowcy("Nr_ewidencji_NESKM", "Imie", "Nazwisko", "Nr_prawa_lotu") values('478839', 'KAI', 'RYCHWALSKI', '743690') 
Insert into Kierowcy("Nr_ewidencji_NESKM", "Imie", "Nazwisko", "Nr_prawa_lotu") values('644010', 'KAMILA', 'STASIEK', '654308') 
Insert into Kierowcy("Nr_ewidencji_NESKM", "Imie", "Nazwisko", "Nr_prawa_lotu") values('638485', 'EDWARD', 'FEDYCKI', '942692') 
Insert into Kierowcy("Nr_ewidencji_NESKM", "Imie", "Nazwisko", "Nr_prawa_lotu") values('313241', 'MAŁGORZATA', 'ŚWIĘTOJAŃSKI', '983201') 
Insert into Kierowcy("Nr_ewidencji_NESKM", "Imie", "Nazwisko", "Nr_prawa_lotu") values('880802', 'GRETA', 'ŁUKIEWSKA', '909352') 
Insert into Kierowcy("Nr_ewidencji_NESKM", "Imie", "Nazwisko", "Nr_prawa_lotu") values('520172', 'FELICJA', 'TARNAWA-ZAJĄCZKOWSKA', '355456') 
Insert into Kierowcy("Nr_ewidencji_NESKM", "Imie", "Nazwisko", "Nr_prawa_lotu") values('957206', 'MIKOŁAJ', 'JANDÓŁA', '432160') 
Insert into Kierowcy("Nr_ewidencji_NESKM", "Imie", "Nazwisko", "Nr_prawa_lotu") values('608526', 'PATRYCJA', 'CHONEK', '958043') 
Insert into Kierowcy("Nr_ewidencji_NESKM", "Imie", "Nazwisko", "Nr_prawa_lotu") values('335821', 'JUDYTA', 'PYZIK', '445731') 
Insert into Kierowcy("Nr_ewidencji_NESKM", "Imie", "Nazwisko", "Nr_prawa_lotu") values('692323', 'GRZEGORZ', 'SKRZYPEK', '829149') 
Insert into Kierowcy("Nr_ewidencji_NESKM", "Imie", "Nazwisko", "Nr_prawa_lotu") values('212059', 'KONRAD', 'KRYZE', '407982') 
Insert into Kierowcy("Nr_ewidencji_NESKM", "Imie", "Nazwisko", "Nr_prawa_lotu") values('281509', 'ROMAN', 'ROWLAND', '769328') 
Insert into Kierowcy("Nr_ewidencji_NESKM", "Imie", "Nazwisko", "Nr_prawa_lotu") values('773322', 'WERONIKA', 'MARCONE', '943866') 
Insert into Kierowcy("Nr_ewidencji_NESKM", "Imie", "Nazwisko", "Nr_prawa_lotu") values('237982', 'KLEMENTYNA', 'KORYŚKO', '862584') 
Insert into Kierowcy("Nr_ewidencji_NESKM", "Imie", "Nazwisko", "Nr_prawa_lotu") values('902347', 'ARON', 'ZAVALKEVYCH', '776082') 
Insert into Kierowcy("Nr_ewidencji_NESKM", "Imie", "Nazwisko", "Nr_prawa_lotu") values('725346', 'ORIANA', 'ODE', '742499') 
Insert into Kierowcy("Nr_ewidencji_NESKM", "Imie", "Nazwisko", "Nr_prawa_lotu") values('343417', 'KATARZYNA', 'KOTALCZYK', '554196') 
Insert into Kierowcy("Nr_ewidencji_NESKM", "Imie", "Nazwisko", "Nr_prawa_lotu") values('238384', 'ALBERT', 'DROWANOWSKI', '390788') 
Insert into Kierowcy("Nr_ewidencji_NESKM", "Imie", "Nazwisko", "Nr_prawa_lotu") values('473676', 'SAMANTA', 'WĘCKO', '476821') 
Insert into Kierowcy("Nr_ewidencji_NESKM", "Imie", "Nazwisko", "Nr_prawa_lotu") values('305166', 'MATEUSZ', 'EFENDI', '488073') 
Insert into Kierowcy("Nr_ewidencji_NESKM", "Imie", "Nazwisko", "Nr_prawa_lotu") values('467224', 'KLAUDIUSZ', 'SZAJRYCH', '402962') 
Insert into Kierowcy("Nr_ewidencji_NESKM", "Imie", "Nazwisko", "Nr_prawa_lotu") values('170409', 'FRYDERYK', 'HULACKI', '724831') 
Insert into Kierowcy("Nr_ewidencji_NESKM", "Imie", "Nazwisko", "Nr_prawa_lotu") values('567613', 'STEFANIA', 'JANNEPALLI', '616363') 
Insert into Kierowcy("Nr_ewidencji_NESKM", "Imie", "Nazwisko", "Nr_prawa_lotu") values('881657', 'KACPER', 'UBYCH', '855411') 
Insert into Kierowcy("Nr_ewidencji_NESKM", "Imie", "Nazwisko", "Nr_prawa_lotu") values('633326', 'JÓZEF', 'MIRKOPULOS', '835598') 
Insert into Kierowcy("Nr_ewidencji_NESKM", "Imie", "Nazwisko", "Nr_prawa_lotu") values('976555', 'GRACJAN', 'MUCHORSKI', '815374') 
Insert into Kierowcy("Nr_ewidencji_NESKM", "Imie", "Nazwisko", "Nr_prawa_lotu") values('274147', 'MIRA', 'KOBZAROW', '767508') 
Insert into Kierowcy("Nr_ewidencji_NESKM", "Imie", "Nazwisko", "Nr_prawa_lotu") values('601906', 'DOBROCHNA', 'WOJTCZAK-NOWAK', '789135') 
Insert into Kierowcy("Nr_ewidencji_NESKM", "Imie", "Nazwisko", "Nr_prawa_lotu") values('588647', 'OLIVIER', 'ZANIEWIECKI', '502110') 
Insert into Kierowcy("Nr_ewidencji_NESKM", "Imie", "Nazwisko", "Nr_prawa_lotu") values('268611', 'ALEKSANDRA', 'ETERMAN', '868128') 
Insert into Kierowcy("Nr_ewidencji_NESKM", "Imie", "Nazwisko", "Nr_prawa_lotu") values('371287', 'MIROSŁAW', 'UHLIN', '497934') 
Insert into Kierowcy("Nr_ewidencji_NESKM", "Imie", "Nazwisko", "Nr_prawa_lotu") values('805179', 'EMILIAN', 'MLEKICKI', '646839') 
Insert into Kierowcy("Nr_ewidencji_NESKM", "Imie", "Nazwisko", "Nr_prawa_lotu") values('984182', 'GRETA', 'DAJLIDKO', '669637') 
Insert into Kierowcy("Nr_ewidencji_NESKM", "Imie", "Nazwisko", "Nr_prawa_lotu") values('804020', 'ALEKSANDRA', 'PUNISZKIS', '970142') 
Insert into Kierowcy("Nr_ewidencji_NESKM", "Imie", "Nazwisko", "Nr_prawa_lotu") values('427471', 'KRZYSZTOF', 'EMLER', '667558') 
Insert into Kierowcy("Nr_ewidencji_NESKM", "Imie", "Nazwisko", "Nr_prawa_lotu") values('760202', 'ARON', 'TUDZIO', '558974') 
Insert into Kierowcy("Nr_ewidencji_NESKM", "Imie", "Nazwisko", "Nr_prawa_lotu") values('980277', 'LEA', 'FERENDOWICZ', '370614') 
Insert into Kierowcy("Nr_ewidencji_NESKM", "Imie", "Nazwisko", "Nr_prawa_lotu") values('861459', 'KLAUDIA', 'WOLSZTYŃSKA', '751970') 
Insert into Kierowcy("Nr_ewidencji_NESKM", "Imie", "Nazwisko", "Nr_prawa_lotu") values('587527', 'BLANKA', 'HENISZ', '427713') 
Insert into Kierowcy("Nr_ewidencji_NESKM", "Imie", "Nazwisko", "Nr_prawa_lotu") values('806088', 'JOACHIM', 'COHEN FUX', '518635') 
Insert into Kierowcy("Nr_ewidencji_NESKM", "Imie", "Nazwisko", "Nr_prawa_lotu") values('942682', 'BENEDYKT', 'ŻUBRŻYCKI', '603876') 
Insert into Kierowcy("Nr_ewidencji_NESKM", "Imie", "Nazwisko", "Nr_prawa_lotu") values('701212', 'ROMAN', 'MALSKI', '569741') 
Insert into Kierowcy("Nr_ewidencji_NESKM", "Imie", "Nazwisko", "Nr_prawa_lotu") values('477116', 'RITA', 'PUKMIEL', '389417') 
Insert into Kierowcy("Nr_ewidencji_NESKM", "Imie", "Nazwisko", "Nr_prawa_lotu") values('524243', 'KRZYSZTOF', 'ZALENSKYI', '728107') 
Insert into Kierowcy("Nr_ewidencji_NESKM", "Imie", "Nazwisko", "Nr_prawa_lotu") values('155071', 'NICOLAS', 'STEPCHENKOV', '876499') 
Insert into Kierowcy("Nr_ewidencji_NESKM", "Imie", "Nazwisko", "Nr_prawa_lotu") values('508581', 'URSZULA', 'STOLAREK', '489962') 
Insert into Kierowcy("Nr_ewidencji_NESKM", "Imie", "Nazwisko", "Nr_prawa_lotu") values('128272', 'BORYS', 'LESIK', '576079') 
Insert into Kierowcy("Nr_ewidencji_NESKM", "Imie", "Nazwisko", "Nr_prawa_lotu") values('385535', 'BOGUSŁAW', 'SIBON', '567705') 
Insert into Kierowcy("Nr_ewidencji_NESKM", "Imie", "Nazwisko", "Nr_prawa_lotu") values('452325', 'SZCZEPAN', 'OBIERZAŁEK', '498323') 
Insert into Kierowcy("Nr_ewidencji_NESKM", "Imie", "Nazwisko", "Nr_prawa_lotu") values('849073', 'KARINA', 'CZYCZYK', '779531') 
Insert into Kierowcy("Nr_ewidencji_NESKM", "Imie", "Nazwisko", "Nr_prawa_lotu") values('440399', 'STEFANIA', 'UGORSKA', '769827') 
Insert into Kierowcy("Nr_ewidencji_NESKM", "Imie", "Nazwisko", "Nr_prawa_lotu") values('138217', 'BENIAMIN', 'KUCZABA', '783785') 
Insert into Kierowcy("Nr_ewidencji_NESKM", "Imie", "Nazwisko", "Nr_prawa_lotu") values('208377', 'LAURA', 'ABAZA', '444766') 
Insert into Kierowcy("Nr_ewidencji_NESKM", "Imie", "Nazwisko", "Nr_prawa_lotu") values('659052', 'OLIWIER', 'JUDASZEWSKI', '964700') 
Insert into Kierowcy("Nr_ewidencji_NESKM", "Imie", "Nazwisko", "Nr_prawa_lotu") values('847645', 'KAMILA', 'GIBKE', '630350') 
Insert into Kierowcy("Nr_ewidencji_NESKM", "Imie", "Nazwisko", "Nr_prawa_lotu") values('428636', 'SYLWIA', 'CISOWSKA', '389994') 
Insert into Kierowcy("Nr_ewidencji_NESKM", "Imie", "Nazwisko", "Nr_prawa_lotu") values('796174', 'SAMANTA', 'SZCZYBALSKA', '492321') 
Insert into Kierowcy("Nr_ewidencji_NESKM", "Imie", "Nazwisko", "Nr_prawa_lotu") values('146139', 'ANDŻELIKA', 'NOWAK-JARY', '641122') 
Insert into Kierowcy("Nr_ewidencji_NESKM", "Imie", "Nazwisko", "Nr_prawa_lotu") values('166082', 'SYLWIA', 'SŁAWOWA', '484202') 
Insert into Kierowcy("Nr_ewidencji_NESKM", "Imie", "Nazwisko", "Nr_prawa_lotu") values('846149', 'HONORATA', 'BAMBERGER', '597208') 
Insert into Kierowcy("Nr_ewidencji_NESKM", "Imie", "Nazwisko", "Nr_prawa_lotu") values('330382', 'OLIWER', 'LUSHCHAK', '505500') 
Insert into Kierowcy("Nr_ewidencji_NESKM", "Imie", "Nazwisko", "Nr_prawa_lotu") values('573508', 'WINCENTY', 'WINSCH', '491133') 
Insert into Kierowcy("Nr_ewidencji_NESKM", "Imie", "Nazwisko", "Nr_prawa_lotu") values('193898', 'ADRIANNA', 'BURCHOT', '831218') 
Insert into Kierowcy("Nr_ewidencji_NESKM", "Imie", "Nazwisko", "Nr_prawa_lotu") values('621506', 'IDA', 'ŠKRIJELJ', '384525') 
Insert into Kierowcy("Nr_ewidencji_NESKM", "Imie", "Nazwisko", "Nr_prawa_lotu") values('445186', 'IGOR', 'SOCZYWKO', '589065') 
Insert into Kierowcy("Nr_ewidencji_NESKM", "Imie", "Nazwisko", "Nr_prawa_lotu") values('499050', 'EMIL', 'BARKO', '949546') 
Insert into Kierowcy("Nr_ewidencji_NESKM", "Imie", "Nazwisko", "Nr_prawa_lotu") values('964943', 'KINGA', 'PCIACHOWSKA', '849542') 
Insert into Kierowcy("Nr_ewidencji_NESKM", "Imie", "Nazwisko", "Nr_prawa_lotu") values('706960', 'PHILIP', 'PAŁANIUK', '826173') 
Insert into Kierowcy("Nr_ewidencji_NESKM", "Imie", "Nazwisko", "Nr_prawa_lotu") values('852052', 'NICOLAS', 'GNIAŹ', '517513') 
Insert into Kierowcy("Nr_ewidencji_NESKM", "Imie", "Nazwisko", "Nr_prawa_lotu") values('791229', 'ADELA', 'CZARNIGOWSKA', '853816') 
Insert into Kierowcy("Nr_ewidencji_NESKM", "Imie", "Nazwisko", "Nr_prawa_lotu") values('751095', 'LILIA', 'ODONGO', '720311') 
Insert into Kierowcy("Nr_ewidencji_NESKM", "Imie", "Nazwisko", "Nr_prawa_lotu") values('903919', 'BLANKA', 'PLITT', '875478') 
Insert into Kierowcy("Nr_ewidencji_NESKM", "Imie", "Nazwisko", "Nr_prawa_lotu") values('758976', 'ADELAJDA', 'KIEZA', '877420') 
Insert into Kierowcy("Nr_ewidencji_NESKM", "Imie", "Nazwisko", "Nr_prawa_lotu") values('945372', 'NINA', 'BOGACIEWICZ', '771326') 
Insert into Kierowcy("Nr_ewidencji_NESKM", "Imie", "Nazwisko", "Nr_prawa_lotu") values('754402', 'MIESZKO', 'LACHOWICZ', '538346') 
Insert into Kierowcy("Nr_ewidencji_NESKM", "Imie", "Nazwisko", "Nr_prawa_lotu") values('484473', 'GNIEWOMIR', 'MOZOLUK', '976386') 
Insert into Kierowcy("Nr_ewidencji_NESKM", "Imie", "Nazwisko", "Nr_prawa_lotu") values('113428', 'ALEXANDER', 'LISNYI', '525499') 
Insert into Kierowcy("Nr_ewidencji_NESKM", "Imie", "Nazwisko", "Nr_prawa_lotu") values('332803', 'DONATAN', 'GRESS', '819595') 
Insert into Kierowcy("Nr_ewidencji_NESKM", "Imie", "Nazwisko", "Nr_prawa_lotu") values('768403', 'ALBERT', 'MENG', '499153') 
Insert into Kierowcy("Nr_ewidencji_NESKM", "Imie", "Nazwisko", "Nr_prawa_lotu") values('265265', 'JUDYTA', 'GASZLER', '568060') 
Insert into Kierowcy("Nr_ewidencji_NESKM", "Imie", "Nazwisko", "Nr_prawa_lotu") values('314964', 'ROZALIA', 'MECHLA', '404019') 
Insert into Kierowcy("Nr_ewidencji_NESKM", "Imie", "Nazwisko", "Nr_prawa_lotu") values('719172', 'LIDIA', 'NAPIERAJ', '813828') 
Insert into Kierowcy("Nr_ewidencji_NESKM", "Imie", "Nazwisko", "Nr_prawa_lotu") values('550147', 'SERGIUSZ', 'ILINICKI', '512575') 
Insert into Kierowcy("Nr_ewidencji_NESKM", "Imie", "Nazwisko", "Nr_prawa_lotu") values('284476', 'MARCJANNA', 'RAPAPORT', '387575') 
Insert into Kierowcy("Nr_ewidencji_NESKM", "Imie", "Nazwisko", "Nr_prawa_lotu") values('562405', 'BENJAMIN', 'DE GUZMAN', '380817') 
Insert into Kierowcy("Nr_ewidencji_NESKM", "Imie", "Nazwisko", "Nr_prawa_lotu") values('596283', 'EMMA', 'ZACHARIOU', '949770') 
Insert into Kierowcy("Nr_ewidencji_NESKM", "Imie", "Nazwisko", "Nr_prawa_lotu") values('378579', 'ALEKSANDER', 'SAPINA', '986849') 
Insert into Kierowcy("Nr_ewidencji_NESKM", "Imie", "Nazwisko", "Nr_prawa_lotu") values('753374', 'INEZ', 'WARDEJN', '582016') 
Insert into Kierowcy("Nr_ewidencji_NESKM", "Imie", "Nazwisko", "Nr_prawa_lotu") values('890422', 'SELENA', 'KORKINIEC', '769425') 
Insert into Kierowcy("Nr_ewidencji_NESKM", "Imie", "Nazwisko", "Nr_prawa_lotu") values('662184', 'SANDRA', 'SAMODZEWICZ', '861030') 
Insert into Kierowcy("Nr_ewidencji_NESKM", "Imie", "Nazwisko", "Nr_prawa_lotu") values('641033', 'ADRIANA', 'KARŁÓW', '534534') 
Insert into Kierowcy("Nr_ewidencji_NESKM", "Imie", "Nazwisko", "Nr_prawa_lotu") values('840418', 'JUSTYNA', 'LIS-FLIS', '940281') 
Insert into Kierowcy("Nr_ewidencji_NESKM", "Imie", "Nazwisko", "Nr_prawa_lotu") values('793322', 'MIRA', 'FORDOŃSKA', '905704') 
Insert into Kierowcy("Nr_ewidencji_NESKM", "Imie", "Nazwisko", "Nr_prawa_lotu") values('876430', 'WERONIKA', 'SARAFINOWICZ', '481820') 
Insert into Kierowcy("Nr_ewidencji_NESKM", "Imie", "Nazwisko", "Nr_prawa_lotu") values('930682', 'ANDRZEJ', 'KALEDOŃSKI', '479076') 
Insert into Kierowcy("Nr_ewidencji_NESKM", "Imie", "Nazwisko", "Nr_prawa_lotu") values('126417', 'OLIMPIA', 'KEY', '896041') 
Insert into Kierowcy("Nr_ewidencji_NESKM", "Imie", "Nazwisko", "Nr_prawa_lotu") values('615460', 'MATEUSZ', 'SZELĄGOWSKI-RUSZKIEWICZ', '717514') 
Insert into Kierowcy("Nr_ewidencji_NESKM", "Imie", "Nazwisko", "Nr_prawa_lotu") values('713302', 'PATRYK', 'ARONIK', '780634') 
Insert into Kierowcy("Nr_ewidencji_NESKM", "Imie", "Nazwisko", "Nr_prawa_lotu") values('426461', 'STELLA', 'GULBA-ZDRAL', '496581') 
Insert into Kierowcy("Nr_ewidencji_NESKM", "Imie", "Nazwisko", "Nr_prawa_lotu") values('438935', 'ADELAJDA', 'SIESTRZYKOWSKA', '378301') 
Insert into Kierowcy("Nr_ewidencji_NESKM", "Imie", "Nazwisko", "Nr_prawa_lotu") values('129113', 'PAULINA', 'KIRSZNIAK', '900250') 
Insert into Kierowcy("Nr_ewidencji_NESKM", "Imie", "Nazwisko", "Nr_prawa_lotu") values('671784', 'BORYS', 'IDZIAK VEL IDZIKOWSKI', '551556') 
Insert into Kierowcy("Nr_ewidencji_NESKM", "Imie", "Nazwisko", "Nr_prawa_lotu") values('116051', 'IDALIA', 'SALWECKA', '539766') 
Insert into Kierowcy("Nr_ewidencji_NESKM", "Imie", "Nazwisko", "Nr_prawa_lotu") values('820933', 'VINCENT', 'BARABANIEC', '920350') 
Insert into Kierowcy("Nr_ewidencji_NESKM", "Imie", "Nazwisko", "Nr_prawa_lotu") values('855034', 'JANINA', 'GLUBOWSKA', '729093') 
Insert into Kierowcy("Nr_ewidencji_NESKM", "Imie", "Nazwisko", "Nr_prawa_lotu") values('906968', 'NATALIA', 'KURCYUSZ', '610377') 
Insert into Kierowcy("Nr_ewidencji_NESKM", "Imie", "Nazwisko", "Nr_prawa_lotu") values('942298', 'BOGUSŁAW', 'KIECHAJAS', '708195') 
Insert into Kierowcy("Nr_ewidencji_NESKM", "Imie", "Nazwisko", "Nr_prawa_lotu") values('971679', 'RYSZARD', 'BABCZYNSKI', '419330') 
Insert into Kierowcy("Nr_ewidencji_NESKM", "Imie", "Nazwisko", "Nr_prawa_lotu") values('553565', 'BRYGIDA', 'PAREMSKA', '520314') 
Insert into Kierowcy("Nr_ewidencji_NESKM", "Imie", "Nazwisko", "Nr_prawa_lotu") values('589032', 'ZOJA', 'BOBECHKO', '864977') 
Insert into Kierowcy("Nr_ewidencji_NESKM", "Imie", "Nazwisko", "Nr_prawa_lotu") values('761064', 'JERZY', 'WACHUŁKA', '860387') 
Insert into Kierowcy("Nr_ewidencji_NESKM", "Imie", "Nazwisko", "Nr_prawa_lotu") values('944693', 'DANIELA', 'SZOZDOWSKA', '688659') 
Insert into Kierowcy("Nr_ewidencji_NESKM", "Imie", "Nazwisko", "Nr_prawa_lotu") values('845671', 'ANATOL', 'MADŻGAŁA', '663580') 
Insert into Kierowcy("Nr_ewidencji_NESKM", "Imie", "Nazwisko", "Nr_prawa_lotu") values('756650', 'LUIZA', 'JASKÓŁA DE ALMEIDA', '692930') 
Insert into Kierowcy("Nr_ewidencji_NESKM", "Imie", "Nazwisko", "Nr_prawa_lotu") values('497240', 'TEOFIL', 'OFUTIN', '604611') 
Insert into Kierowcy("Nr_ewidencji_NESKM", "Imie", "Nazwisko", "Nr_prawa_lotu") values('837673', 'BORYS', 'GIETER', '363579') 
Insert into Kierowcy("Nr_ewidencji_NESKM", "Imie", "Nazwisko", "Nr_prawa_lotu") values('987689', 'SAMANTA', 'ANYIAM', '465666') 
Insert into Kierowcy("Nr_ewidencji_NESKM", "Imie", "Nazwisko", "Nr_prawa_lotu") values('365949', 'MARCELA', 'CERWIK', '832039') 
Insert into Kierowcy("Nr_ewidencji_NESKM", "Imie", "Nazwisko", "Nr_prawa_lotu") values('531397', 'MIESZKO', 'KAPEJEWSKI', '435049') 
Insert into Kierowcy("Nr_ewidencji_NESKM", "Imie", "Nazwisko", "Nr_prawa_lotu") values('525119', 'JOANNA', 'ŁAWSKA', '428271') 
Insert into Kierowcy("Nr_ewidencji_NESKM", "Imie", "Nazwisko", "Nr_prawa_lotu") values('386982', 'KONSTANCJA', 'PETRYCZKIEWICZ', '446123') 
Insert into Kierowcy("Nr_ewidencji_NESKM", "Imie", "Nazwisko", "Nr_prawa_lotu") values('246483', 'WŁADYSŁAW', 'DI MARINO', '770607') 
Insert into Kierowcy("Nr_ewidencji_NESKM", "Imie", "Nazwisko", "Nr_prawa_lotu") values('186922', 'EDWARD', 'NADZIEJOWSKI', '954187') 
Insert into Kierowcy("Nr_ewidencji_NESKM", "Imie", "Nazwisko", "Nr_prawa_lotu") values('885090', 'HUGO', 'KUŁACZEWSKI', '371135') 
Insert into Kierowcy("Nr_ewidencji_NESKM", "Imie", "Nazwisko", "Nr_prawa_lotu") values('532315', 'IRENA', 'DURLEY', '399240') 
Insert into Kierowcy("Nr_ewidencji_NESKM", "Imie", "Nazwisko", "Nr_prawa_lotu") values('326935', 'OKTAWIA', 'SPRADA', '926347') 
Insert into Kierowcy("Nr_ewidencji_NESKM", "Imie", "Nazwisko", "Nr_prawa_lotu") values('783464', 'WILHELM', 'SHANKAR', '716980') 
Insert into Kierowcy("Nr_ewidencji_NESKM", "Imie", "Nazwisko", "Nr_prawa_lotu") values('939622', 'RAFAŁ', 'KRZEMIŃSKI-FREDA', '802890') 
Insert into Kierowcy("Nr_ewidencji_NESKM", "Imie", "Nazwisko", "Nr_prawa_lotu") values('586462', 'DAVID', 'BOJBA', '416599') 
Insert into Kierowcy("Nr_ewidencji_NESKM", "Imie", "Nazwisko", "Nr_prawa_lotu") values('906198', 'MAXIMILIAN', 'KLIMMEK', '749077') 
Insert into Kierowcy("Nr_ewidencji_NESKM", "Imie", "Nazwisko", "Nr_prawa_lotu") values('131552', 'DAWID', 'KOŁODZIEJCZAK-KOSTECKI', '752586') 
Insert into Kierowcy("Nr_ewidencji_NESKM", "Imie", "Nazwisko", "Nr_prawa_lotu") values('844208', 'LIVIA', 'PORYCKA', '442472') 
Insert into Kierowcy("Nr_ewidencji_NESKM", "Imie", "Nazwisko", "Nr_prawa_lotu") values('773759', 'XAVIER', 'DETTLOFF', '477670') 
Insert into Kierowcy("Nr_ewidencji_NESKM", "Imie", "Nazwisko", "Nr_prawa_lotu") values('571648', 'OSKAR', 'MALYEY', '377280') 
Insert into Kierowcy("Nr_ewidencji_NESKM", "Imie", "Nazwisko", "Nr_prawa_lotu") values('600220', 'EMILIAN', 'PAVALANSKI', '933128') 
Insert into Kierowcy("Nr_ewidencji_NESKM", "Imie", "Nazwisko", "Nr_prawa_lotu") values('372373', 'BIANKA', 'IMBIRSKA', '985696') 
Insert into Kierowcy("Nr_ewidencji_NESKM", "Imie", "Nazwisko", "Nr_prawa_lotu") values('303181', 'SOPHIE', 'KOPYRSKA', '392931') 
Insert into Kierowcy("Nr_ewidencji_NESKM", "Imie", "Nazwisko", "Nr_prawa_lotu") values('914604', 'EMILIA', 'CVETKOV', '433892') 
Insert into Kierowcy("Nr_ewidencji_NESKM", "Imie", "Nazwisko", "Nr_prawa_lotu") values('226225', 'JOWITA', 'RISZKE', '535731') 
Insert into Kierowcy("Nr_ewidencji_NESKM", "Imie", "Nazwisko", "Nr_prawa_lotu") values('827710', 'ANIELA', 'SAGAJEWSKA', '607375') 
Insert into Kierowcy("Nr_ewidencji_NESKM", "Imie", "Nazwisko", "Nr_prawa_lotu") values('690659', 'IRENA', 'JAWICKA', '907144') 
Insert into Kierowcy("Nr_ewidencji_NESKM", "Imie", "Nazwisko", "Nr_prawa_lotu") values('265601', 'MARCELA', 'ŚWISTACZ', '942601') 
Insert into Kierowcy("Nr_ewidencji_NESKM", "Imie", "Nazwisko", "Nr_prawa_lotu") values('170320', 'FELICJA', 'CHYBKI', '586574') 
Insert into Kierowcy("Nr_ewidencji_NESKM", "Imie", "Nazwisko", "Nr_prawa_lotu") values('336991', 'VANESSA', 'ZARIJA', '733446') 
Insert into Kierowcy("Nr_ewidencji_NESKM", "Imie", "Nazwisko", "Nr_prawa_lotu") values('493992', 'TYTUS', 'PAWILNO-PACEWICZ', '752313') 
Insert into Kierowcy("Nr_ewidencji_NESKM", "Imie", "Nazwisko", "Nr_prawa_lotu") values('533700', 'EWELINA', 'DYCHTANOWSKA', '425070') 
Insert into Kierowcy("Nr_ewidencji_NESKM", "Imie", "Nazwisko", "Nr_prawa_lotu") values('476224', 'PAULINA', 'ZELT', '672737') 
Insert into Kierowcy("Nr_ewidencji_NESKM", "Imie", "Nazwisko", "Nr_prawa_lotu") values('932074', 'ERNEST', 'BINIASZ', '477926') 
Insert into Kierowcy("Nr_ewidencji_NESKM", "Imie", "Nazwisko", "Nr_prawa_lotu") values('304282', 'APOLONIA', 'TAMOWICZ', '671877') 
Insert into Kierowcy("Nr_ewidencji_NESKM", "Imie", "Nazwisko", "Nr_prawa_lotu") values('922862', 'WERONIKA', 'ŚCIEPURA', '963087') 
Insert into Kierowcy("Nr_ewidencji_NESKM", "Imie", "Nazwisko", "Nr_prawa_lotu") values('618330', 'LILIANA', 'YESYPCHUK', '795216') 
Insert into Kierowcy("Nr_ewidencji_NESKM", "Imie", "Nazwisko", "Nr_prawa_lotu") values('526984', 'ROMAN', 'PACION', '619993') 
Insert into Kierowcy("Nr_ewidencji_NESKM", "Imie", "Nazwisko", "Nr_prawa_lotu") values('605249', 'IWO', 'KIELPINSKI', '940964') 
Insert into Kierowcy("Nr_ewidencji_NESKM", "Imie", "Nazwisko", "Nr_prawa_lotu") values('846804', 'OLIVER', 'PIECHNAT', '433213') 
Insert into Kierowcy("Nr_ewidencji_NESKM", "Imie", "Nazwisko", "Nr_prawa_lotu") values('504765', 'OTYLIA', 'MCWILLIAM', '433557') 
Insert into Kierowcy("Nr_ewidencji_NESKM", "Imie", "Nazwisko", "Nr_prawa_lotu") values('378936', 'LARYSA', 'SKURŁAT', '632772') 
Insert into Kierowcy("Nr_ewidencji_NESKM", "Imie", "Nazwisko", "Nr_prawa_lotu") values('519989', 'DONATAN', 'ZATHEY', '683506') 
Insert into Kierowcy("Nr_ewidencji_NESKM", "Imie", "Nazwisko", "Nr_prawa_lotu") values('986485', 'BRAJAN', 'ŚCIGAJŁO', '474777') 
Insert into Kierowcy("Nr_ewidencji_NESKM", "Imie", "Nazwisko", "Nr_prawa_lotu") values('604823', 'STEFANIA', 'PŁUSZCZEWSKA', '392900') 
Insert into Kierowcy("Nr_ewidencji_NESKM", "Imie", "Nazwisko", "Nr_prawa_lotu") values('134458', 'DAGMARA', 'CZERNIN', '798949') 
Insert into Kierowcy("Nr_ewidencji_NESKM", "Imie", "Nazwisko", "Nr_prawa_lotu") values('497917', 'KONRAD', 'GŁĄBACZ', '920360') 
Insert into Kierowcy("Nr_ewidencji_NESKM", "Imie", "Nazwisko", "Nr_prawa_lotu") values('802666', 'STANISŁAW', 'OBERMEYER', '661975') 
Insert into Kierowcy("Nr_ewidencji_NESKM", "Imie", "Nazwisko", "Nr_prawa_lotu") values('576047', 'IZABELA', 'PONIŃSKA', '657995') 
Insert into Kierowcy("Nr_ewidencji_NESKM", "Imie", "Nazwisko", "Nr_prawa_lotu") values('169908', 'HONORATA', 'NAFKHA', '468133') 
Insert into Kierowcy("Nr_ewidencji_NESKM", "Imie", "Nazwisko", "Nr_prawa_lotu") values('903646', 'GLORIA', 'KARANKEVICH', '769847') 
Insert into Kierowcy("Nr_ewidencji_NESKM", "Imie", "Nazwisko", "Nr_prawa_lotu") values('687987', 'WIKTOR', 'STRONCZAK', '625025') 
Insert into Kierowcy("Nr_ewidencji_NESKM", "Imie", "Nazwisko", "Nr_prawa_lotu") values('351696', 'ROXANA', 'KAZMIRUK', '681792') 
Insert into Kierowcy("Nr_ewidencji_NESKM", "Imie", "Nazwisko", "Nr_prawa_lotu") values('776960', 'IGNACY', 'BALDACHOWSKI', '519450') 
Insert into Kierowcy("Nr_ewidencji_NESKM", "Imie", "Nazwisko", "Nr_prawa_lotu") values('583675', 'MIROSŁAW', 'TOMASELLI', '456826') 
Insert into Kierowcy("Nr_ewidencji_NESKM", "Imie", "Nazwisko", "Nr_prawa_lotu") values('696873', 'SZYMON', 'PRZEŹDZIĘK', '673774') 
Insert into Kierowcy("Nr_ewidencji_NESKM", "Imie", "Nazwisko", "Nr_prawa_lotu") values('301743', 'BRUNO', 'BAŁEK', '624687') 
Insert into Kierowcy("Nr_ewidencji_NESKM", "Imie", "Nazwisko", "Nr_prawa_lotu") values('567636', 'AMADEUSZ', 'HONORSKI', '482981') 
Insert into Kierowcy("Nr_ewidencji_NESKM", "Imie", "Nazwisko", "Nr_prawa_lotu") values('837691', 'KASJAN', 'WULKAN', '739096') 
Insert into Kierowcy("Nr_ewidencji_NESKM", "Imie", "Nazwisko", "Nr_prawa_lotu") values('603457', 'STELLA', 'KATARZYNIAK', '443459') 
Insert into Kierowcy("Nr_ewidencji_NESKM", "Imie", "Nazwisko", "Nr_prawa_lotu") values('576772', 'HENRYK', 'TREMBUŁOWICZ', '699049') 
Insert into Kierowcy("Nr_ewidencji_NESKM", "Imie", "Nazwisko", "Nr_prawa_lotu") values('671850', 'JONASZ', 'PAILLART', '739949') 
Insert into Kierowcy("Nr_ewidencji_NESKM", "Imie", "Nazwisko", "Nr_prawa_lotu") values('614676', 'ALEXANDRA', 'WAŁDOŃ', '833720') 
Insert into Kierowcy("Nr_ewidencji_NESKM", "Imie", "Nazwisko", "Nr_prawa_lotu") values('573450', 'ILONA', 'KŁOSIN', '695922') 
Insert into Kierowcy("Nr_ewidencji_NESKM", "Imie", "Nazwisko", "Nr_prawa_lotu") values('853305', 'WŁADYSŁAW', 'JEENAWUT', '406338') 
Insert into Kierowcy("Nr_ewidencji_NESKM", "Imie", "Nazwisko", "Nr_prawa_lotu") values('782545', 'VIVIANA', 'SPOCIŃSKA', '589741') 
Insert into Kierowcy("Nr_ewidencji_NESKM", "Imie", "Nazwisko", "Nr_prawa_lotu") values('422580', 'FELICJA', 'GIEROSZ', '441492') 
Insert into Kierowcy("Nr_ewidencji_NESKM", "Imie", "Nazwisko", "Nr_prawa_lotu") values('426340', 'ADRIANA', 'DYSTLER', '981407') 
Insert into Kierowcy("Nr_ewidencji_NESKM", "Imie", "Nazwisko", "Nr_prawa_lotu") values('247908', 'MICHAŁ', 'MIERWIŃSKI', '512283') 
Insert into Kierowcy("Nr_ewidencji_NESKM", "Imie", "Nazwisko", "Nr_prawa_lotu") values('653290', 'DAMIAN', 'CITKOWICZ-JURKIEWICZ', '650513') 
Insert into Kierowcy("Nr_ewidencji_NESKM", "Imie", "Nazwisko", "Nr_prawa_lotu") values('572969', 'ARON', 'BUNECHKO', '985650') 
Insert into Kierowcy("Nr_ewidencji_NESKM", "Imie", "Nazwisko", "Nr_prawa_lotu") values('547841', 'IGA', 'UCKA', '529828') 
Insert into Kierowcy("Nr_ewidencji_NESKM", "Imie", "Nazwisko", "Nr_prawa_lotu") values('496625', 'MIKOŁAJ', 'OBIESŁO', '980809') 
Insert into Kierowcy("Nr_ewidencji_NESKM", "Imie", "Nazwisko", "Nr_prawa_lotu") values('497680', 'TOMASZ', 'GIACCHETTI', '631982') 
Insert into Kierowcy("Nr_ewidencji_NESKM", "Imie", "Nazwisko", "Nr_prawa_lotu") values('766082', 'OLIWIER', 'TSYGANIUK', '686096') 
Insert into Kierowcy("Nr_ewidencji_NESKM", "Imie", "Nazwisko", "Nr_prawa_lotu") values('117362', 'HANA', 'CHYL', '466411') 
Insert into Kierowcy("Nr_ewidencji_NESKM", "Imie", "Nazwisko", "Nr_prawa_lotu") values('493194', 'OLAF', 'CHAMCZYŃSKI', '890211') 
Insert into Kierowcy("Nr_ewidencji_NESKM", "Imie", "Nazwisko", "Nr_prawa_lotu") values('275471', 'FLORIAN', 'MŁYNARCZYKOWSKI', '844505') 
Insert into Kierowcy("Nr_ewidencji_NESKM", "Imie", "Nazwisko", "Nr_prawa_lotu") values('972639', 'IRENEUSZ', 'LABUSZEWSKI', '493235') 
Insert into Kierowcy("Nr_ewidencji_NESKM", "Imie", "Nazwisko", "Nr_prawa_lotu") values('547618', 'DORIAN', 'RARATA', '872000') 
Insert into Kierowcy("Nr_ewidencji_NESKM", "Imie", "Nazwisko", "Nr_prawa_lotu") values('474467', 'WIOLETTA', 'SOULIER', '587276') 
Insert into Kierowcy("Nr_ewidencji_NESKM", "Imie", "Nazwisko", "Nr_prawa_lotu") values('248789', 'MALINA', 'JASNOCH', '504921') 
Insert into Kierowcy("Nr_ewidencji_NESKM", "Imie", "Nazwisko", "Nr_prawa_lotu") values('915995', 'ROZALIA', 'DUNGAROW', '976632') 
Insert into Kierowcy("Nr_ewidencji_NESKM", "Imie", "Nazwisko", "Nr_prawa_lotu") values('324364', 'ZUZANNA', 'MITRUK', '807686') 
Insert into Kierowcy("Nr_ewidencji_NESKM", "Imie", "Nazwisko", "Nr_prawa_lotu") values('299263', 'LUCJAN', 'GREBENNIK', '781059') 
Insert into Kierowcy("Nr_ewidencji_NESKM", "Imie", "Nazwisko", "Nr_prawa_lotu") values('656060', 'BRAYAN', 'REMBACKI', '960044') 
Insert into Kierowcy("Nr_ewidencji_NESKM", "Imie", "Nazwisko", "Nr_prawa_lotu") values('368924', 'SYLWIA', 'GUDASZ', '744481') 
Insert into Kierowcy("Nr_ewidencji_NESKM", "Imie", "Nazwisko", "Nr_prawa_lotu") values('462535', 'DAMIAN', 'MAHLOW', '668867') 
Insert into Kierowcy("Nr_ewidencji_NESKM", "Imie", "Nazwisko", "Nr_prawa_lotu") values('284270', 'MIESZKO', 'MALI', '888567') 
Insert into Kierowcy("Nr_ewidencji_NESKM", "Imie", "Nazwisko", "Nr_prawa_lotu") values('873885', 'ARTUR', 'UTRATA-SCHOLL', '693377') 
Insert into Kierowcy("Nr_ewidencji_NESKM", "Imie", "Nazwisko", "Nr_prawa_lotu") values('501966', 'JULIUSZ', 'SMOLYAKOV', '665953') 
Insert into Kierowcy("Nr_ewidencji_NESKM", "Imie", "Nazwisko", "Nr_prawa_lotu") values('493021', 'LUIZA', 'KOLASA-STRĄCZKOWSKA', '531099') 
Insert into Kierowcy("Nr_ewidencji_NESKM", "Imie", "Nazwisko", "Nr_prawa_lotu") values('351838', 'RYSZARD', 'PARYAS', '448185') 
Insert into Kierowcy("Nr_ewidencji_NESKM", "Imie", "Nazwisko", "Nr_prawa_lotu") values('923582', 'KEWIN', 'SIEROSZYŃSKI', '490943') 
Insert into Kierowcy("Nr_ewidencji_NESKM", "Imie", "Nazwisko", "Nr_prawa_lotu") values('792447', 'ANETA', 'JANKOWSKA-FILIPEK', '542423') 
Insert into Kierowcy("Nr_ewidencji_NESKM", "Imie", "Nazwisko", "Nr_prawa_lotu") values('693591', 'JAŚMINA', 'BAZARKIN', '462294') 
Insert into Kierowcy("Nr_ewidencji_NESKM", "Imie", "Nazwisko", "Nr_prawa_lotu") values('947298', 'BEATA', 'TORCHALSKA', '582451') 
Insert into Kierowcy("Nr_ewidencji_NESKM", "Imie", "Nazwisko", "Nr_prawa_lotu") values('347300', 'ZIEMOWIT', 'RIHER', '885396') 
Insert into Kierowcy("Nr_ewidencji_NESKM", "Imie", "Nazwisko", "Nr_prawa_lotu") values('720808', 'VIVIANA', 'HULICZKA', '818660') 
Insert into Kierowcy("Nr_ewidencji_NESKM", "Imie", "Nazwisko", "Nr_prawa_lotu") values('485552', 'MICHAEL', 'PARZYNOWSKI', '488987') 
Insert into Kierowcy("Nr_ewidencji_NESKM", "Imie", "Nazwisko", "Nr_prawa_lotu") values('465885', 'LUCJAN', 'KRIEGELSTEIN', '939364') 
Insert into Kierowcy("Nr_ewidencji_NESKM", "Imie", "Nazwisko", "Nr_prawa_lotu") values('879981', 'AGATA', 'CISSEWSKI', '634853') 
Insert into Kierowcy("Nr_ewidencji_NESKM", "Imie", "Nazwisko", "Nr_prawa_lotu") values('264588', 'IGA', 'CHIKA', '901224') 
Insert into Kierowcy("Nr_ewidencji_NESKM", "Imie", "Nazwisko", "Nr_prawa_lotu") values('443718', 'DONATAN', 'WYCZANOWSKI', '662762') 
Insert into Kierowcy("Nr_ewidencji_NESKM", "Imie", "Nazwisko", "Nr_prawa_lotu") values('226644', 'HELENA', 'POSDZIECH', '792055') 
Insert into Kierowcy("Nr_ewidencji_NESKM", "Imie", "Nazwisko", "Nr_prawa_lotu") values('937128', 'WANESA', 'MALINOWSKI', '636141') 
Insert into Kierowcy("Nr_ewidencji_NESKM", "Imie", "Nazwisko", "Nr_prawa_lotu") values('191704', 'NINA', 'SZUL-JAKIEŁA', '486571') 
Insert into Kierowcy("Nr_ewidencji_NESKM", "Imie", "Nazwisko", "Nr_prawa_lotu") values('493476', 'RÓŻA', 'BEKSULTANOVA', '484216') 
Insert into Kierowcy("Nr_ewidencji_NESKM", "Imie", "Nazwisko", "Nr_prawa_lotu") values('394226', 'SELENA', 'KATSCHEROWSKA', '601801') 
Insert into Kierowcy("Nr_ewidencji_NESKM", "Imie", "Nazwisko", "Nr_prawa_lotu") values('865657', 'MALWINA', 'PIORÓN', '735483') 
Insert into Kierowcy("Nr_ewidencji_NESKM", "Imie", "Nazwisko", "Nr_prawa_lotu") values('549827', 'KLEMENS', 'HAIDUKEVYCH', '797065') 
Insert into Kierowcy("Nr_ewidencji_NESKM", "Imie", "Nazwisko", "Nr_prawa_lotu") values('708064', 'KARIM', 'PALMERII', '544001') 
Insert into Kierowcy("Nr_ewidencji_NESKM", "Imie", "Nazwisko", "Nr_prawa_lotu") values('607823', 'ALBERT', 'KLEMENCZAK', '668716') 
Insert into Kierowcy("Nr_ewidencji_NESKM", "Imie", "Nazwisko", "Nr_prawa_lotu") values('771909', 'MICHAEL', 'LAVRINENKO', '481820') 
Insert into Kierowcy("Nr_ewidencji_NESKM", "Imie", "Nazwisko", "Nr_prawa_lotu") values('127479', 'BERNARD', 'ZGLINNICKI', '600793') 
Insert into Kierowcy("Nr_ewidencji_NESKM", "Imie", "Nazwisko", "Nr_prawa_lotu") values('591924', 'DANIEL', 'KIBIK', '692868') 
Insert into Kierowcy("Nr_ewidencji_NESKM", "Imie", "Nazwisko", "Nr_prawa_lotu") values('355867', 'IZABELA', 'BYKOWSZCZENKO', '629527') 
Insert into Kierowcy("Nr_ewidencji_NESKM", "Imie", "Nazwisko", "Nr_prawa_lotu") values('308167', 'NATHANIEL', 'CZARTOŁOMNY', '406543') 
Insert into Kierowcy("Nr_ewidencji_NESKM", "Imie", "Nazwisko", "Nr_prawa_lotu") values('192732', 'ADAM', 'WAJLAND', '913720') 
Insert into Kierowcy("Nr_ewidencji_NESKM", "Imie", "Nazwisko", "Nr_prawa_lotu") values('192804', 'BEATA', 'OLEJNICZUK', '919022') 
Insert into Kierowcy("Nr_ewidencji_NESKM", "Imie", "Nazwisko", "Nr_prawa_lotu") values('662049', 'KSAWIER', 'VYHODOVANETS', '500608') 
Insert into Kierowcy("Nr_ewidencji_NESKM", "Imie", "Nazwisko", "Nr_prawa_lotu") values('137857', 'INEZ', 'HLUSHKOVA', '748063') 
Insert into Kierowcy("Nr_ewidencji_NESKM", "Imie", "Nazwisko", "Nr_prawa_lotu") values('510022', 'JULIA', 'NIESTIERUK', '796888') 
Insert into Kierowcy("Nr_ewidencji_NESKM", "Imie", "Nazwisko", "Nr_prawa_lotu") values('932835', 'ARTUR', 'HAŁAJCZAK', '723339') 
Insert into Kierowcy("Nr_ewidencji_NESKM", "Imie", "Nazwisko", "Nr_prawa_lotu") values('578597', 'DAWID', 'ALDOBAŠIĆ', '915493') 
Insert into Kierowcy("Nr_ewidencji_NESKM", "Imie", "Nazwisko", "Nr_prawa_lotu") values('939739', 'ANDRZEJ', 'KOTARAK', '827883') 
Insert into Kierowcy("Nr_ewidencji_NESKM", "Imie", "Nazwisko", "Nr_prawa_lotu") values('344341', 'ANGELIKA', 'KARMANSKI', '869642') 
Insert into Kierowcy("Nr_ewidencji_NESKM", "Imie", "Nazwisko", "Nr_prawa_lotu") values('252563', 'IWO', 'SCHABIK', '459663') 
Insert into Kierowcy("Nr_ewidencji_NESKM", "Imie", "Nazwisko", "Nr_prawa_lotu") values('330966', 'KAZIMIERZ', 'SULIMIR', '448434') 
Insert into Kierowcy("Nr_ewidencji_NESKM", "Imie", "Nazwisko", "Nr_prawa_lotu") values('600367', 'ADA', 'MAZIARZ', '520380') 
Insert into Kierowcy("Nr_ewidencji_NESKM", "Imie", "Nazwisko", "Nr_prawa_lotu") values('349105', 'ZOJA', 'NAROŻNIK', '775016') 
Insert into Kierowcy("Nr_ewidencji_NESKM", "Imie", "Nazwisko", "Nr_prawa_lotu") values('842822', 'IGNACY', 'ORDYŚ', '893469') 
Insert into Kierowcy("Nr_ewidencji_NESKM", "Imie", "Nazwisko", "Nr_prawa_lotu") values('133104', 'HELENA', 'NETLER', '444377') 
Insert into Kierowcy("Nr_ewidencji_NESKM", "Imie", "Nazwisko", "Nr_prawa_lotu") values('854242', 'MIROSŁAW', 'KUMIŃSKI', '659901') 
Insert into Kierowcy("Nr_ewidencji_NESKM", "Imie", "Nazwisko", "Nr_prawa_lotu") values('878428', 'OKTAWIAN', 'DAMMŰLLER', '608317') 
Insert into Kierowcy("Nr_ewidencji_NESKM", "Imie", "Nazwisko", "Nr_prawa_lotu") values('944543', 'PAWEŁ', 'GUTOVSKYI', '859179') 
Insert into Kierowcy("Nr_ewidencji_NESKM", "Imie", "Nazwisko", "Nr_prawa_lotu") values('385752', 'JULIA', 'PYSAR', '698218') 
Insert into Kierowcy("Nr_ewidencji_NESKM", "Imie", "Nazwisko", "Nr_prawa_lotu") values('255441', 'JÓZEF', 'BAGDZIUN-MARKACHEV', '570271') 
Insert into Kierowcy("Nr_ewidencji_NESKM", "Imie", "Nazwisko", "Nr_prawa_lotu") values('696360', 'WANESSA', 'POSIADŁOWSKA', '439024') 
Insert into Kierowcy("Nr_ewidencji_NESKM", "Imie", "Nazwisko", "Nr_prawa_lotu") values('647714', 'EMILIAN', 'SCHEMET', '831136') 
Insert into Kierowcy("Nr_ewidencji_NESKM", "Imie", "Nazwisko", "Nr_prawa_lotu") values('881285', 'JULITA', 'CATALDO', '831225') 
Insert into Kierowcy("Nr_ewidencji_NESKM", "Imie", "Nazwisko", "Nr_prawa_lotu") values('140831', 'MARCEL', 'ŚMIGIELOK', '857781') 
Insert into Kierowcy("Nr_ewidencji_NESKM", "Imie", "Nazwisko", "Nr_prawa_lotu") values('383550', 'SOPHIE', 'DZIECHCIARZ-DUDA', '957249') 
Insert into Kierowcy("Nr_ewidencji_NESKM", "Imie", "Nazwisko", "Nr_prawa_lotu") values('839064', 'KRZYSZTOF', 'TAMAS', '714301') 
Insert into Kierowcy("Nr_ewidencji_NESKM", "Imie", "Nazwisko", "Nr_prawa_lotu") values('837887', 'LEO', 'STEPENKO', '826135') 
Insert into Kierowcy("Nr_ewidencji_NESKM", "Imie", "Nazwisko", "Nr_prawa_lotu") values('224969', 'ROBERT', 'BORTACKI', '407482') 
Insert into Kierowcy("Nr_ewidencji_NESKM", "Imie", "Nazwisko", "Nr_prawa_lotu") values('737891', 'KRYSTYNA', 'JERMALONEK', '980876') 
Insert into Kierowcy("Nr_ewidencji_NESKM", "Imie", "Nazwisko", "Nr_prawa_lotu") values('340561', 'OLIWIA', 'GALCAK', '404772') 
Insert into Kierowcy("Nr_ewidencji_NESKM", "Imie", "Nazwisko", "Nr_prawa_lotu") values('514223', 'JANINA', 'PLESZCZYŃSKA', '691243') 
Insert into Kierowcy("Nr_ewidencji_NESKM", "Imie", "Nazwisko", "Nr_prawa_lotu") values('682681', 'LARYSA', 'NOWAKOWSKA-ORACZEWSKA', '962146') 
Insert into Kierowcy("Nr_ewidencji_NESKM", "Imie", "Nazwisko", "Nr_prawa_lotu") values('422147', 'FABIAN', 'TULAJA', '394132') 
Insert into Kierowcy("Nr_ewidencji_NESKM", "Imie", "Nazwisko", "Nr_prawa_lotu") values('499310', 'JOLANTA', 'PHILIPPOT', '802866') 
Insert into Kierowcy("Nr_ewidencji_NESKM", "Imie", "Nazwisko", "Nr_prawa_lotu") values('964209', 'BOGDAN', 'PIEŃCIAK', '972196') 
Insert into Kierowcy("Nr_ewidencji_NESKM", "Imie", "Nazwisko", "Nr_prawa_lotu") values('713500', 'HELENA', 'BĄCELA', '803338') 
Insert into Kierowcy("Nr_ewidencji_NESKM", "Imie", "Nazwisko", "Nr_prawa_lotu") values('804009', 'GRACJAN', 'BASSZARABA', '751187') 
Insert into Kierowcy("Nr_ewidencji_NESKM", "Imie", "Nazwisko", "Nr_prawa_lotu") values('538475', 'KONRAD', 'SHLAVEN', '544027') 
Insert into Kierowcy("Nr_ewidencji_NESKM", "Imie", "Nazwisko", "Nr_prawa_lotu") values('373597', 'ERYK', 'FARJASZEWSKI', '923416') 
Insert into Kierowcy("Nr_ewidencji_NESKM", "Imie", "Nazwisko", "Nr_prawa_lotu") values('558895', 'OSCAR', 'KACHOR', '483979') 
Insert into Kierowcy("Nr_ewidencji_NESKM", "Imie", "Nazwisko", "Nr_prawa_lotu") values('470182', 'VIVIANA', 'BUGNACKI', '554789') 
Insert into Kierowcy("Nr_ewidencji_NESKM", "Imie", "Nazwisko", "Nr_prawa_lotu") values('502747', 'JULIANNA', 'DYKCIS', '514701') 
Insert into Kierowcy("Nr_ewidencji_NESKM", "Imie", "Nazwisko", "Nr_prawa_lotu") values('839012', 'PIOTR', 'ZAPOROZHCHENKO', '385266') 
Insert into Kierowcy("Nr_ewidencji_NESKM", "Imie", "Nazwisko", "Nr_prawa_lotu") values('300248', 'ROBERT', 'CHILEWICZ', '675387') 
Insert into Kierowcy("Nr_ewidencji_NESKM", "Imie", "Nazwisko", "Nr_prawa_lotu") values('645354', 'LEONARDO', 'KOKSA', '515854') 
Insert into Kierowcy("Nr_ewidencji_NESKM", "Imie", "Nazwisko", "Nr_prawa_lotu") values('445373', 'LAURA', 'ZGIERA', '449486') 
Insert into Kierowcy("Nr_ewidencji_NESKM", "Imie", "Nazwisko", "Nr_prawa_lotu") values('177293', 'HUGO', 'JAKMIŃSKI', '844064') 
Insert into Kierowcy("Nr_ewidencji_NESKM", "Imie", "Nazwisko", "Nr_prawa_lotu") values('579161', 'MALINA', 'BUCHELD', '569402') 
Insert into Kierowcy("Nr_ewidencji_NESKM", "Imie", "Nazwisko", "Nr_prawa_lotu") values('505185', 'DAVID', 'SZAFRANOW', '943611') 
Insert into Kierowcy("Nr_ewidencji_NESKM", "Imie", "Nazwisko", "Nr_prawa_lotu") values('245110', 'MIRA', 'DAŃCZURA', '806877') 
Insert into Kierowcy("Nr_ewidencji_NESKM", "Imie", "Nazwisko", "Nr_prawa_lotu") values('822796', 'MAJKA', 'VORONKA', '941136') 
Insert into Kierowcy("Nr_ewidencji_NESKM", "Imie", "Nazwisko", "Nr_prawa_lotu") values('554772', 'IZABELLA', 'BOBBIO', '476739') 
Insert into Kierowcy("Nr_ewidencji_NESKM", "Imie", "Nazwisko", "Nr_prawa_lotu") values('270986', 'ANIKA', 'PLATOWSKA', '456922') 
Insert into Kierowcy("Nr_ewidencji_NESKM", "Imie", "Nazwisko", "Nr_prawa_lotu") values('785981', 'ANTONIA', 'BADOWER', '924999') 
Insert into Kierowcy("Nr_ewidencji_NESKM", "Imie", "Nazwisko", "Nr_prawa_lotu") values('613947', 'IRENEUSZ', 'BUJGIŁŁO', '551125') 
Insert into Kierowcy("Nr_ewidencji_NESKM", "Imie", "Nazwisko", "Nr_prawa_lotu") values('122846', 'EWELINA', 'OZARZEWSKA', '821351') 
Insert into Kierowcy("Nr_ewidencji_NESKM", "Imie", "Nazwisko", "Nr_prawa_lotu") values('262103', 'MILENA', 'KROCH', '822823') 
Insert into Kierowcy("Nr_ewidencji_NESKM", "Imie", "Nazwisko", "Nr_prawa_lotu") values('631842', 'JADWIGA', 'STRUJ', '633587') 
Insert into Kierowcy("Nr_ewidencji_NESKM", "Imie", "Nazwisko", "Nr_prawa_lotu") values('432012', 'MARCELINA', 'MOHAMED HASSAN MOBARAK', '578169') 
Insert into Kierowcy("Nr_ewidencji_NESKM", "Imie", "Nazwisko", "Nr_prawa_lotu") values('390726', 'DANIELA', 'PLUTO-PRONDZINSKA', '443308') 
Insert into Kierowcy("Nr_ewidencji_NESKM", "Imie", "Nazwisko", "Nr_prawa_lotu") values('475332', 'JAN', 'ISALOV', '695895') 
Insert into Kierowcy("Nr_ewidencji_NESKM", "Imie", "Nazwisko", "Nr_prawa_lotu") values('746064', 'LILIANA', 'URBANELIS', '405444') 
Insert into Kierowcy("Nr_ewidencji_NESKM", "Imie", "Nazwisko", "Nr_prawa_lotu") values('288642', 'GABRIEL', 'GIANFRATE', '467424') 
Insert into Kierowcy("Nr_ewidencji_NESKM", "Imie", "Nazwisko", "Nr_prawa_lotu") values('397393', 'RADOSŁAW', 'KICOFER', '970201') 
Insert into Kierowcy("Nr_ewidencji_NESKM", "Imie", "Nazwisko", "Nr_prawa_lotu") values('683256', 'ALEXANDRA', 'SOBAIŃSKA', '590052') 
Insert into Kierowcy("Nr_ewidencji_NESKM", "Imie", "Nazwisko", "Nr_prawa_lotu") values('232208', 'IVO', 'MACHTURA', '390035') 
Insert into Kierowcy("Nr_ewidencji_NESKM", "Imie", "Nazwisko", "Nr_prawa_lotu") values('614858', 'VINCENT', 'SZKUDLARA', '979119') 
Insert into Kierowcy("Nr_ewidencji_NESKM", "Imie", "Nazwisko", "Nr_prawa_lotu") values('762611', 'LARA', 'GUMÓŁA', '685119') 
Insert into Kierowcy("Nr_ewidencji_NESKM", "Imie", "Nazwisko", "Nr_prawa_lotu") values('309354', 'FELICJA', 'CZORAJ', '413162') 
Insert into Kierowcy("Nr_ewidencji_NESKM", "Imie", "Nazwisko", "Nr_prawa_lotu") values('764161', 'JEREMIASZ', 'ROGÓŹ', '851203') 
Insert into Kierowcy("Nr_ewidencji_NESKM", "Imie", "Nazwisko", "Nr_prawa_lotu") values('539006', 'ROMAN', 'GMITRZUK', '925690') 
Insert into Kierowcy("Nr_ewidencji_NESKM", "Imie", "Nazwisko", "Nr_prawa_lotu") values('170499', 'HUBERT', 'HRYCYK', '755918') 
Insert into Kierowcy("Nr_ewidencji_NESKM", "Imie", "Nazwisko", "Nr_prawa_lotu") values('368306', 'MARIA', 'WIZBORUS', '692310') 
Insert into Kierowcy("Nr_ewidencji_NESKM", "Imie", "Nazwisko", "Nr_prawa_lotu") values('406609', 'AGATA', 'DEMKE', '356419') 
Insert into Kierowcy("Nr_ewidencji_NESKM", "Imie", "Nazwisko", "Nr_prawa_lotu") values('255885', 'FRANCISZKA', 'KOWALSKA-RÓG', '734593') 
Insert into Kierowcy("Nr_ewidencji_NESKM", "Imie", "Nazwisko", "Nr_prawa_lotu") values('581402', 'EMIL', 'OSETOWSKI', '652975') 
Insert into Kierowcy("Nr_ewidencji_NESKM", "Imie", "Nazwisko", "Nr_prawa_lotu") values('561292', 'MIŁOSZ', 'MYSHKOVETS', '529168') 
Insert into Kierowcy("Nr_ewidencji_NESKM", "Imie", "Nazwisko", "Nr_prawa_lotu") values('840374', 'MARTA', 'NIEDBAŁOWSKA', '772352') 
Insert into Kierowcy("Nr_ewidencji_NESKM", "Imie", "Nazwisko", "Nr_prawa_lotu") values('213634', 'JUDYTA', 'NIETSZ', '677808') 
Insert into Kierowcy("Nr_ewidencji_NESKM", "Imie", "Nazwisko", "Nr_prawa_lotu") values('412417', 'KSAWERY', 'GABRJANCZYK', '583834') 
Insert into Kierowcy("Nr_ewidencji_NESKM", "Imie", "Nazwisko", "Nr_prawa_lotu") values('672687', 'SELENA', 'HAWRYLECKA', '595267') 
Insert into Kierowcy("Nr_ewidencji_NESKM", "Imie", "Nazwisko", "Nr_prawa_lotu") values('203965', 'DANUTA', 'MICHALSKA-KACZMAREK', '367254') 
Insert into Kierowcy("Nr_ewidencji_NESKM", "Imie", "Nazwisko", "Nr_prawa_lotu") values('272551', 'HALINA', 'FASSL', '916959') 
Insert into Kierowcy("Nr_ewidencji_NESKM", "Imie", "Nazwisko", "Nr_prawa_lotu") values('151169', 'GAJA', 'ŁUKSZTO', '620006') 
Insert into Kierowcy("Nr_ewidencji_NESKM", "Imie", "Nazwisko", "Nr_prawa_lotu") values('566239', 'ANIELA', 'DE PARIS', '749992') 
Insert into Kierowcy("Nr_ewidencji_NESKM", "Imie", "Nazwisko", "Nr_prawa_lotu") values('246584', 'TATIANA', 'PAGÓRSKA', '482843') 
Insert into Kierowcy("Nr_ewidencji_NESKM", "Imie", "Nazwisko", "Nr_prawa_lotu") values('980970', 'ANGELIKA', 'MACIAŃSKA', '524697') 
Insert into Kierowcy("Nr_ewidencji_NESKM", "Imie", "Nazwisko", "Nr_prawa_lotu") values('863062', 'ANETA', 'SKAWIŃSKI', '456885') 
Insert into Kierowcy("Nr_ewidencji_NESKM", "Imie", "Nazwisko", "Nr_prawa_lotu") values('634703', 'JANUSZ', 'JENSSVEEN', '831922') 
Insert into Kierowcy("Nr_ewidencji_NESKM", "Imie", "Nazwisko", "Nr_prawa_lotu") values('947996', 'WINCENTY', 'ARCEWICZ', '520206') 
Insert into Kierowcy("Nr_ewidencji_NESKM", "Imie", "Nazwisko", "Nr_prawa_lotu") values('364588', 'JADWIGA', 'SZPIKOSKA', '871339') 
Insert into Kierowcy("Nr_ewidencji_NESKM", "Imie", "Nazwisko", "Nr_prawa_lotu") values('965234', 'ŁUKASZ', 'BADZIMIEROWSKI', '477855') 
Insert into Kierowcy("Nr_ewidencji_NESKM", "Imie", "Nazwisko", "Nr_prawa_lotu") values('476954', 'AGNIESZKA', 'BILKUN', '428503') 
Insert into Kierowcy("Nr_ewidencji_NESKM", "Imie", "Nazwisko", "Nr_prawa_lotu") values('136836', 'SANDRA', 'KUCAJDA', '838575') 
Insert into Kierowcy("Nr_ewidencji_NESKM", "Imie", "Nazwisko", "Nr_prawa_lotu") values('604717', 'DORIAN', 'GRANASIUK', '421765') 
Insert into Kierowcy("Nr_ewidencji_NESKM", "Imie", "Nazwisko", "Nr_prawa_lotu") values('837068', 'ANNA', 'ALMQVIST', '856560') 
Insert into Kierowcy("Nr_ewidencji_NESKM", "Imie", "Nazwisko", "Nr_prawa_lotu") values('123291', 'ARON', 'EL MAHDI', '584330') 
Insert into Kierowcy("Nr_ewidencji_NESKM", "Imie", "Nazwisko", "Nr_prawa_lotu") values('462441', 'MARIANNA', 'WACHLER', '743474') 
Insert into Kierowcy("Nr_ewidencji_NESKM", "Imie", "Nazwisko", "Nr_prawa_lotu") values('430954', 'KLEMENS', 'RACHKOVSKYI', '650865') 
Insert into Kierowcy("Nr_ewidencji_NESKM", "Imie", "Nazwisko", "Nr_prawa_lotu") values('184270', 'LILA', 'DEDUCHOWSKA', '923140') 
Insert into Kierowcy("Nr_ewidencji_NESKM", "Imie", "Nazwisko", "Nr_prawa_lotu") values('736203', 'SEBASTIAN', 'DORA', '851680') 
Insert into Kierowcy("Nr_ewidencji_NESKM", "Imie", "Nazwisko", "Nr_prawa_lotu") values('711887', 'IDA', 'JONDA', '883137') 
Insert into Kierowcy("Nr_ewidencji_NESKM", "Imie", "Nazwisko", "Nr_prawa_lotu") values('769033', 'KEVIN', 'SENYSHYN GURYNOWICZ', '835878') 
Insert into Kierowcy("Nr_ewidencji_NESKM", "Imie", "Nazwisko", "Nr_prawa_lotu") values('628750', 'KONSTANCJA', 'ARENHÖVEL', '468590') 
Insert into Kierowcy("Nr_ewidencji_NESKM", "Imie", "Nazwisko", "Nr_prawa_lotu") values('204564', 'KOSMA', 'NOSOWICZ', '717727') 
Insert into Kierowcy("Nr_ewidencji_NESKM", "Imie", "Nazwisko", "Nr_prawa_lotu") values('397552', 'NICOLE', 'CHYRCHAŁA', '741249') 
Insert into Kierowcy("Nr_ewidencji_NESKM", "Imie", "Nazwisko", "Nr_prawa_lotu") values('143373', 'KAI', 'KAŁUSEK', '874810') 
Insert into Kierowcy("Nr_ewidencji_NESKM", "Imie", "Nazwisko", "Nr_prawa_lotu") values('265800', 'ANTONIA', 'ROGODA', '859527') 
Insert into Kierowcy("Nr_ewidencji_NESKM", "Imie", "Nazwisko", "Nr_prawa_lotu") values('150626', 'EWELINA', 'DOVGOSHYIA', '618934') 
Insert into Kierowcy("Nr_ewidencji_NESKM", "Imie", "Nazwisko", "Nr_prawa_lotu") values('374479', 'NICOLE', 'STĘPIEŃ-ŻAK', '590777') 
Insert into Kierowcy("Nr_ewidencji_NESKM", "Imie", "Nazwisko", "Nr_prawa_lotu") values('701361', 'ELŻBIETA', 'NOHANOWICZ', '767548') 
Insert into Kierowcy("Nr_ewidencji_NESKM", "Imie", "Nazwisko", "Nr_prawa_lotu") values('803889', 'NORBERT', 'GRABCZUK', '717849') 
Insert into Kierowcy("Nr_ewidencji_NESKM", "Imie", "Nazwisko", "Nr_prawa_lotu") values('913867', 'FELIKS', 'BAJRAKOWSKI', '489760') 
Insert into Kierowcy("Nr_ewidencji_NESKM", "Imie", "Nazwisko", "Nr_prawa_lotu") values('728540', 'GUSTAW', 'LAIMECHE', '966074') 
Insert into Kierowcy("Nr_ewidencji_NESKM", "Imie", "Nazwisko", "Nr_prawa_lotu") values('730854', 'MARCELA', 'PARZER', '814140') 
Insert into Kierowcy("Nr_ewidencji_NESKM", "Imie", "Nazwisko", "Nr_prawa_lotu") values('961904', 'BARBARA', 'SOSGÓRNIK', '566894') 
Insert into Kierowcy("Nr_ewidencji_NESKM", "Imie", "Nazwisko", "Nr_prawa_lotu") values('891127', 'JAROSŁAW', 'KASIELSKI', '875500') 
Insert into Kierowcy("Nr_ewidencji_NESKM", "Imie", "Nazwisko", "Nr_prawa_lotu") values('793907', 'DIANA', 'SHASHOK', '558570') 
Insert into Kierowcy("Nr_ewidencji_NESKM", "Imie", "Nazwisko", "Nr_prawa_lotu") values('683561', 'IWONA', 'SZLOSECKA', '487593') 
Insert into Kierowcy("Nr_ewidencji_NESKM", "Imie", "Nazwisko", "Nr_prawa_lotu") values('699787', 'ALEKSY', 'DAMULEWICZ', '851963') 
Insert into Kierowcy("Nr_ewidencji_NESKM", "Imie", "Nazwisko", "Nr_prawa_lotu") values('538150', 'TOMASZ', 'SZLUCHO', '661848') 
Insert into Kierowcy("Nr_ewidencji_NESKM", "Imie", "Nazwisko", "Nr_prawa_lotu") values('871088', 'LILIANA', 'FEDE', '384876') 
Insert into Kierowcy("Nr_ewidencji_NESKM", "Imie", "Nazwisko", "Nr_prawa_lotu") values('553747', 'IDA', 'KLIMKIEWICZ', '808607') 
Insert into Kierowcy("Nr_ewidencji_NESKM", "Imie", "Nazwisko", "Nr_prawa_lotu") values('835822', 'ZACHARY', 'HUMAYDI', '692890') 
Insert into Kierowcy("Nr_ewidencji_NESKM", "Imie", "Nazwisko", "Nr_prawa_lotu") values('272988', 'TYMON', 'LANZONI', '702687') 
Insert into Kierowcy("Nr_ewidencji_NESKM", "Imie", "Nazwisko", "Nr_prawa_lotu") values('881287', 'BOLESŁAW', 'WOŁOSIAK', '568919') 
Insert into Kierowcy("Nr_ewidencji_NESKM", "Imie", "Nazwisko", "Nr_prawa_lotu") values('136441', 'ANDŻELIKA', 'RŻECKA', '612796') 
Insert into Kierowcy("Nr_ewidencji_NESKM", "Imie", "Nazwisko", "Nr_prawa_lotu") values('306239', 'KATARZYNA', 'ZLOTENKO', '563356') 
Insert into Kierowcy("Nr_ewidencji_NESKM", "Imie", "Nazwisko", "Nr_prawa_lotu") values('227957', 'KLEMENTYNA', 'JARMACKA', '954915') 
Insert into Kierowcy("Nr_ewidencji_NESKM", "Imie", "Nazwisko", "Nr_prawa_lotu") values('934003', 'SOPHIE', 'BUZALEWICZ', '954362') 
Insert into Kierowcy("Nr_ewidencji_NESKM", "Imie", "Nazwisko", "Nr_prawa_lotu") values('501290', 'KONSTANTY', 'NIESYN', '805075') 
Insert into Kierowcy("Nr_ewidencji_NESKM", "Imie", "Nazwisko", "Nr_prawa_lotu") values('110741', 'PAULINA', 'SZELESTOWSKA', '646231') 
Insert into Kierowcy("Nr_ewidencji_NESKM", "Imie", "Nazwisko", "Nr_prawa_lotu") values('200268', 'ADAM', 'KABICZKE', '607477') 
Insert into Kierowcy("Nr_ewidencji_NESKM", "Imie", "Nazwisko", "Nr_prawa_lotu") values('734080', 'JEREMI', 'BEJAOUI', '399721') 
Insert into Kierowcy("Nr_ewidencji_NESKM", "Imie", "Nazwisko", "Nr_prawa_lotu") values('591896', 'IWO', 'ZELER', '874198') 
Insert into Kierowcy("Nr_ewidencji_NESKM", "Imie", "Nazwisko", "Nr_prawa_lotu") values('555213', 'BRAYAN', 'HULSEY', '943363') 
Insert into Kierowcy("Nr_ewidencji_NESKM", "Imie", "Nazwisko", "Nr_prawa_lotu") values('875910', 'TOBIASZ', 'PRAŻAK', '742626') 
Insert into Kierowcy("Nr_ewidencji_NESKM", "Imie", "Nazwisko", "Nr_prawa_lotu") values('956293', 'BOLESŁAW', 'BAGIROW', '767098') 
Insert into Kierowcy("Nr_ewidencji_NESKM", "Imie", "Nazwisko", "Nr_prawa_lotu") values('191499', 'TAMARA', 'PRYCIUK', '977496') 
Insert into Kierowcy("Nr_ewidencji_NESKM", "Imie", "Nazwisko", "Nr_prawa_lotu") values('386602', 'ROBERT', 'SPALEK', '527282') 
Insert into Kierowcy("Nr_ewidencji_NESKM", "Imie", "Nazwisko", "Nr_prawa_lotu") values('720580', 'JOEL', 'SAWIDIS', '720382') 
Insert into Kierowcy("Nr_ewidencji_NESKM", "Imie", "Nazwisko", "Nr_prawa_lotu") values('868897', 'IGNACY', 'ŁUCZYŃSKI', '592760') 
Insert into Kierowcy("Nr_ewidencji_NESKM", "Imie", "Nazwisko", "Nr_prawa_lotu") values('975685', 'WINCENTY', 'RZYMEK', '583685') 
Insert into Kierowcy("Nr_ewidencji_NESKM", "Imie", "Nazwisko", "Nr_prawa_lotu") values('775375', 'OKSANA', 'MPONGILI-BOSSU', '831370') 
Insert into Kierowcy("Nr_ewidencji_NESKM", "Imie", "Nazwisko", "Nr_prawa_lotu") values('395496', 'JULIA', 'SZULTER', '476180') 
Insert into Kierowcy("Nr_ewidencji_NESKM", "Imie", "Nazwisko", "Nr_prawa_lotu") values('106384', 'AGNIESZKA', 'MAKAREINIS', '892685') 
Insert into Kierowcy("Nr_ewidencji_NESKM", "Imie", "Nazwisko", "Nr_prawa_lotu") values('607610', 'CYRYL', 'SZYMOJKO', '670522') 
Insert into Kierowcy("Nr_ewidencji_NESKM", "Imie", "Nazwisko", "Nr_prawa_lotu") values('333761', 'ALICJA', 'JEGORÓW', '489921') 
Insert into Kierowcy("Nr_ewidencji_NESKM", "Imie", "Nazwisko", "Nr_prawa_lotu") values('973662', 'RITA', 'STOKLOSA', '623127') 
Insert into Kierowcy("Nr_ewidencji_NESKM", "Imie", "Nazwisko", "Nr_prawa_lotu") values('663557', 'JEREMIASZ', 'POZHARNYUK', '523508') 
Insert into Kierowcy("Nr_ewidencji_NESKM", "Imie", "Nazwisko", "Nr_prawa_lotu") values('369363', 'BOGNA', 'SHVAB', '836630') 
Insert into Kierowcy("Nr_ewidencji_NESKM", "Imie", "Nazwisko", "Nr_prawa_lotu") values('252881', 'LAURA', 'SERĘGA', '447648') 
Insert into Kierowcy("Nr_ewidencji_NESKM", "Imie", "Nazwisko", "Nr_prawa_lotu") values('267918', 'MIECZYSŁAW', 'TSOVKO', '854351') 
Insert into Kierowcy("Nr_ewidencji_NESKM", "Imie", "Nazwisko", "Nr_prawa_lotu") values('731650', 'RADOSŁAW', 'GLANDZBERG', '441319') 
Insert into Kierowcy("Nr_ewidencji_NESKM", "Imie", "Nazwisko", "Nr_prawa_lotu") values('828360', 'KARIM', 'KUBERA-SZYMANOWSKI', '615620') 
Insert into Kierowcy("Nr_ewidencji_NESKM", "Imie", "Nazwisko", "Nr_prawa_lotu") values('697611', 'WANESA', 'FRENEL', '685212') 
Insert into Kierowcy("Nr_ewidencji_NESKM", "Imie", "Nazwisko", "Nr_prawa_lotu") values('684424', 'OLIWIER', 'ATHIMNI', '941695') 
Insert into Kierowcy("Nr_ewidencji_NESKM", "Imie", "Nazwisko", "Nr_prawa_lotu") values('283631', 'ROKSANA', 'GĄSIENICA-DANIEL', '896914') 
Insert into Kierowcy("Nr_ewidencji_NESKM", "Imie", "Nazwisko", "Nr_prawa_lotu") values('605528', 'JOLANTA', 'CELENCEWICZ', '361639') 
Insert into Kierowcy("Nr_ewidencji_NESKM", "Imie", "Nazwisko", "Nr_prawa_lotu") values('963340', 'KEWIN', 'SZALAWSKI', '502129') 
Insert into Kierowcy("Nr_ewidencji_NESKM", "Imie", "Nazwisko", "Nr_prawa_lotu") values('742798', 'IDALIA', 'SCHLACHTER', '955147') 
Insert into Kierowcy("Nr_ewidencji_NESKM", "Imie", "Nazwisko", "Nr_prawa_lotu") values('638350', 'MAXYMILIAN', 'TEICHEN', '721570') 
Insert into Kierowcy("Nr_ewidencji_NESKM", "Imie", "Nazwisko", "Nr_prawa_lotu") values('521088', 'LILA', 'FOLEJ', '920769') 
Insert into Kierowcy("Nr_ewidencji_NESKM", "Imie", "Nazwisko", "Nr_prawa_lotu") values('123602', 'MARCJANNA', 'PIETZSCH', '656938') 
Insert into Kierowcy("Nr_ewidencji_NESKM", "Imie", "Nazwisko", "Nr_prawa_lotu") values('446876', 'WOJCIECH', 'AZRAN', '378852') 
Insert into Kierowcy("Nr_ewidencji_NESKM", "Imie", "Nazwisko", "Nr_prawa_lotu") values('699563', 'SAMANTA', 'SIEBENEICHEN', '954454') 
Insert into Kierowcy("Nr_ewidencji_NESKM", "Imie", "Nazwisko", "Nr_prawa_lotu") values('786396', 'LILLA', 'KIRKIS', '365889') 
Insert into Kierowcy("Nr_ewidencji_NESKM", "Imie", "Nazwisko", "Nr_prawa_lotu") values('696707', 'BRYAN', 'OKSENTIUK', '574386') 
Insert into Kierowcy("Nr_ewidencji_NESKM", "Imie", "Nazwisko", "Nr_prawa_lotu") values('349964', 'OKTAWIAN', 'PORUSEK', '679295') 
Insert into Kierowcy("Nr_ewidencji_NESKM", "Imie", "Nazwisko", "Nr_prawa_lotu") values('356682', 'ANIELA', 'WARSZCZYŃSKA', '475766') 
Insert into Kierowcy("Nr_ewidencji_NESKM", "Imie", "Nazwisko", "Nr_prawa_lotu") values('149073', 'KSAWERY', 'BRUCKS', '449831') 
Insert into Kierowcy("Nr_ewidencji_NESKM", "Imie", "Nazwisko", "Nr_prawa_lotu") values('942979', 'ROZALIA', 'PEGLAU', '570599') 
Insert into Kierowcy("Nr_ewidencji_NESKM", "Imie", "Nazwisko", "Nr_prawa_lotu") values('905099', 'LIVIA', 'BOGUCKI', '369331') 
Insert into Kierowcy("Nr_ewidencji_NESKM", "Imie", "Nazwisko", "Nr_prawa_lotu") values('754698', 'TEODOR', 'KRIL', '451817') 
Insert into Kierowcy("Nr_ewidencji_NESKM", "Imie", "Nazwisko", "Nr_prawa_lotu") values('164705', 'MARCEL', 'DRYER', '853316') 
Insert into Kierowcy("Nr_ewidencji_NESKM", "Imie", "Nazwisko", "Nr_prawa_lotu") values('445863', 'ERYK', 'ASARE-BEDIAKO', '478976') 
Insert into Kierowcy("Nr_ewidencji_NESKM", "Imie", "Nazwisko", "Nr_prawa_lotu") values('792724', 'SOFIA', 'FREDRO-BONIECKA', '524728') 
Insert into Kierowcy("Nr_ewidencji_NESKM", "Imie", "Nazwisko", "Nr_prawa_lotu") values('405830', 'ARON', 'RASZYD', '789700') 
Insert into Kierowcy("Nr_ewidencji_NESKM", "Imie", "Nazwisko", "Nr_prawa_lotu") values('507177', 'KLEMENTYNA', 'ANSBERGS', '639884') 
Insert into Kierowcy("Nr_ewidencji_NESKM", "Imie", "Nazwisko", "Nr_prawa_lotu") values('411352', 'JULITA', 'PREIDL', '457711') 
Insert into Kierowcy("Nr_ewidencji_NESKM", "Imie", "Nazwisko", "Nr_prawa_lotu") values('731338', 'NAOMI', 'HEUTMEKERS', '400793') 
Insert into Kierowcy("Nr_ewidencji_NESKM", "Imie", "Nazwisko", "Nr_prawa_lotu") values('673586', 'VINCENT', 'RUZUDZHENK', '817091') 
Insert into Kierowcy("Nr_ewidencji_NESKM", "Imie", "Nazwisko", "Nr_prawa_lotu") values('936650', 'FABIAN', 'LICHTMAJER', '743385') 
Insert into Kierowcy("Nr_ewidencji_NESKM", "Imie", "Nazwisko", "Nr_prawa_lotu") values('166325', 'OLIVIER', 'BAKIERSKI', '405833') 
Insert into Kierowcy("Nr_ewidencji_NESKM", "Imie", "Nazwisko", "Nr_prawa_lotu") values('457091', 'SAMUEL', 'BLATKIEWICZ', '362986') 
Insert into Kierowcy("Nr_ewidencji_NESKM", "Imie", "Nazwisko", "Nr_prawa_lotu") values('771099', 'MARCELI', 'ZESZUTA', '663644') 
Insert into Kierowcy("Nr_ewidencji_NESKM", "Imie", "Nazwisko", "Nr_prawa_lotu") values('896580', 'JONASZ', 'ŁAKUCEWICZ', '424131') 
Insert into Kierowcy("Nr_ewidencji_NESKM", "Imie", "Nazwisko", "Nr_prawa_lotu") values('904114', 'OLIWIER', 'HAGER', '553695') 
Insert into Kierowcy("Nr_ewidencji_NESKM", "Imie", "Nazwisko", "Nr_prawa_lotu") values('913791', 'LEO', 'KRYNICZ', '575597') 
Insert into Kierowcy("Nr_ewidencji_NESKM", "Imie", "Nazwisko", "Nr_prawa_lotu") values('678410', 'LARYSA', 'ZAGUROWSKA', '748256') 
Insert into Kierowcy("Nr_ewidencji_NESKM", "Imie", "Nazwisko", "Nr_prawa_lotu") values('517055', 'DOBROCHNA', 'FÜNDER', '731804') 
Insert into Kierowcy("Nr_ewidencji_NESKM", "Imie", "Nazwisko", "Nr_prawa_lotu") values('697402', 'MIKOŁAJ', 'PHẠM VĂN', '787392') 
Insert into Kierowcy("Nr_ewidencji_NESKM", "Imie", "Nazwisko", "Nr_prawa_lotu") values('813654', 'LUCJAN', 'KAŁASA', '510975') 
Insert into Kierowcy("Nr_ewidencji_NESKM", "Imie", "Nazwisko", "Nr_prawa_lotu") values('421499', 'BARTOSZ', 'ZŁOTA', '543401') 
Insert into Kierowcy("Nr_ewidencji_NESKM", "Imie", "Nazwisko", "Nr_prawa_lotu") values('613547', 'ANIELA', 'LATYPOV', '487850') 
Insert into Kierowcy("Nr_ewidencji_NESKM", "Imie", "Nazwisko", "Nr_prawa_lotu") values('224541', 'BRYGIDA', 'JAROSZEWICZ', '642355') 
Insert into Kierowcy("Nr_ewidencji_NESKM", "Imie", "Nazwisko", "Nr_prawa_lotu") values('926263', 'FLORIAN', 'SŁOTNICKI', '688420') 
Insert into Kierowcy("Nr_ewidencji_NESKM", "Imie", "Nazwisko", "Nr_prawa_lotu") values('358639', 'HANA', 'CZARNOŁĘCKA', '521509') 
Insert into Kierowcy("Nr_ewidencji_NESKM", "Imie", "Nazwisko", "Nr_prawa_lotu") values('659472', 'URSZULA', 'NOVOTNA', '806596') 
Insert into Kierowcy("Nr_ewidencji_NESKM", "Imie", "Nazwisko", "Nr_prawa_lotu") values('999567', 'KORNEL', 'GAJEWSKI-GŁODEK', '557475') 
Insert into Kierowcy("Nr_ewidencji_NESKM", "Imie", "Nazwisko", "Nr_prawa_lotu") values('764517', 'TATIANA', 'PAWLEŃSKA', '462881') 
Insert into Kierowcy("Nr_ewidencji_NESKM", "Imie", "Nazwisko", "Nr_prawa_lotu") values('827788', 'NICOLA', 'MOŹDZIERZ-MONICO', '448812') 
Insert into Kierowcy("Nr_ewidencji_NESKM", "Imie", "Nazwisko", "Nr_prawa_lotu") values('103221', 'IDA', 'CISŁO', '875660') 
Insert into Kierowcy("Nr_ewidencji_NESKM", "Imie", "Nazwisko", "Nr_prawa_lotu") values('506768', 'IZABELLA', 'SPIVAK-SLONYTSKA', '912568') 
Insert into Kierowcy("Nr_ewidencji_NESKM", "Imie", "Nazwisko", "Nr_prawa_lotu") values('416493', 'HANA', 'STEFANO', '441300') 
Insert into Kierowcy("Nr_ewidencji_NESKM", "Imie", "Nazwisko", "Nr_prawa_lotu") values('692921', 'NICOLE', 'JASIŃSKA-ELMER', '559545') 
Insert into Kierowcy("Nr_ewidencji_NESKM", "Imie", "Nazwisko", "Nr_prawa_lotu") values('884770', 'EMANUEL', 'LAGOS', '625588') 
Insert into Kierowcy("Nr_ewidencji_NESKM", "Imie", "Nazwisko", "Nr_prawa_lotu") values('213251', 'SERGIUSZ', 'KIESER', '374988') 
Insert into Kierowcy("Nr_ewidencji_NESKM", "Imie", "Nazwisko", "Nr_prawa_lotu") values('886952', 'FRYDERYK', 'WRÓŻYNA', '772079') 
Insert into Kierowcy("Nr_ewidencji_NESKM", "Imie", "Nazwisko", "Nr_prawa_lotu") values('627003', 'DAGMARA', 'EGEMAN', '704412') 
Insert into Kierowcy("Nr_ewidencji_NESKM", "Imie", "Nazwisko", "Nr_prawa_lotu") values('314618', 'FELICJA', 'BRESCHI', '451226') 
Insert into Kierowcy("Nr_ewidencji_NESKM", "Imie", "Nazwisko", "Nr_prawa_lotu") values('857208', 'AUGUST', 'SKRAGO', '818351') 
Insert into Kierowcy("Nr_ewidencji_NESKM", "Imie", "Nazwisko", "Nr_prawa_lotu") values('600135', 'ELIZA', 'VALLDAURA GÓRECKA', '946216') 
Insert into Kierowcy("Nr_ewidencji_NESKM", "Imie", "Nazwisko", "Nr_prawa_lotu") values('734733', 'MARIKA', 'TUCIN', '596976') 
Insert into Kierowcy("Nr_ewidencji_NESKM", "Imie", "Nazwisko", "Nr_prawa_lotu") values('631199', 'WIKTOR', 'MYKHAILYSHYN', '553926') 
Insert into Kierowcy("Nr_ewidencji_NESKM", "Imie", "Nazwisko", "Nr_prawa_lotu") values('674508', 'LEONARD', 'ODROWĄŻ-PETRYKOWSKI', '629101') 
Insert into Kierowcy("Nr_ewidencji_NESKM", "Imie", "Nazwisko", "Nr_prawa_lotu") values('616468', 'KORDIAN', 'GOLDSHIED', '768800') 
Insert into Kierowcy("Nr_ewidencji_NESKM", "Imie", "Nazwisko", "Nr_prawa_lotu") values('135145', 'MICHELLE', 'BOŁDOWICZ-KRAJEWSKA', '691644') 
Insert into Kierowcy("Nr_ewidencji_NESKM", "Imie", "Nazwisko", "Nr_prawa_lotu") values('848571', 'MAREK', 'OZIRNYI', '631099') 
Insert into Kierowcy("Nr_ewidencji_NESKM", "Imie", "Nazwisko", "Nr_prawa_lotu") values('340807', 'VICTOR', 'LIEN', '447559') 
Insert into Kierowcy("Nr_ewidencji_NESKM", "Imie", "Nazwisko", "Nr_prawa_lotu") values('170671', 'ANETA', 'HANUSOWSKA', '734712') 
Insert into Kierowcy("Nr_ewidencji_NESKM", "Imie", "Nazwisko", "Nr_prawa_lotu") values('426117', 'TYMON', 'ZÓRAWSKI', '700396') 
Insert into Kierowcy("Nr_ewidencji_NESKM", "Imie", "Nazwisko", "Nr_prawa_lotu") values('917221', 'POLA', 'ŻUCHAJ', '557108') 
Insert into Kierowcy("Nr_ewidencji_NESKM", "Imie", "Nazwisko", "Nr_prawa_lotu") values('438198', 'JAGODA', 'IMBÓR', '530899') 
Insert into Kierowcy("Nr_ewidencji_NESKM", "Imie", "Nazwisko", "Nr_prawa_lotu") values('719708', 'MARCELINA', 'BUCHWIC', '648890') 
Insert into Kierowcy("Nr_ewidencji_NESKM", "Imie", "Nazwisko", "Nr_prawa_lotu") values('567047', 'WERONIKA', 'KORVAT', '671755') 
Insert into Kierowcy("Nr_ewidencji_NESKM", "Imie", "Nazwisko", "Nr_prawa_lotu") values('206824', 'JAGODA', 'SZUPTARSKA', '437324') 
Insert into Kierowcy("Nr_ewidencji_NESKM", "Imie", "Nazwisko", "Nr_prawa_lotu") values('363336', 'OLIVER', 'PRZEMIBIDA', '482357') 
Insert into Kierowcy("Nr_ewidencji_NESKM", "Imie", "Nazwisko", "Nr_prawa_lotu") values('454068', 'JĘDRZEJ', 'NASIR', '781543') 
Insert into Kierowcy("Nr_ewidencji_NESKM", "Imie", "Nazwisko", "Nr_prawa_lotu") values('151248', 'CYRYL', 'DROST', '615302') 
Insert into Kierowcy("Nr_ewidencji_NESKM", "Imie", "Nazwisko", "Nr_prawa_lotu") values('572800', 'JERZY', 'PIEKH', '536751') 
Insert into Kierowcy("Nr_ewidencji_NESKM", "Imie", "Nazwisko", "Nr_prawa_lotu") values('378142', 'TOLA', 'ANTCZYK', '433382') 
Insert into Kierowcy("Nr_ewidencji_NESKM", "Imie", "Nazwisko", "Nr_prawa_lotu") values('142499', 'MIROSŁAW', 'JIRA', '478442') 
Insert into Kierowcy("Nr_ewidencji_NESKM", "Imie", "Nazwisko", "Nr_prawa_lotu") values('240877', 'KSENIA', 'LUDEWICZ', '456611') 
Insert into Kierowcy("Nr_ewidencji_NESKM", "Imie", "Nazwisko", "Nr_prawa_lotu") values('188379', 'LIWIA', 'BARTOCH', '587372') 
Insert into Kierowcy("Nr_ewidencji_NESKM", "Imie", "Nazwisko", "Nr_prawa_lotu") values('172199', 'ALICJA', 'ŚLAŻKO', '614849') 
Insert into Kierowcy("Nr_ewidencji_NESKM", "Imie", "Nazwisko", "Nr_prawa_lotu") values('421495', 'HENRYK', 'PRASKI', '757797') 
Insert into Kierowcy("Nr_ewidencji_NESKM", "Imie", "Nazwisko", "Nr_prawa_lotu") values('239952', 'MILA', 'OBŁUDA', '851259') 
Insert into Kierowcy("Nr_ewidencji_NESKM", "Imie", "Nazwisko", "Nr_prawa_lotu") values('306385', 'LAURA', 'KIEWEG', '840600') 
Insert into Kierowcy("Nr_ewidencji_NESKM", "Imie", "Nazwisko", "Nr_prawa_lotu") values('964137', 'HUGO', 'ANDRASZEWICZ', '977001') 
Insert into Kierowcy("Nr_ewidencji_NESKM", "Imie", "Nazwisko", "Nr_prawa_lotu") values('325715', 'RYAN', 'CETLIN', '620420') 
Insert into Kierowcy("Nr_ewidencji_NESKM", "Imie", "Nazwisko", "Nr_prawa_lotu") values('806178', 'JULIANNA', 'BACZYŃSKA-ŚLIWA', '848750') 
Insert into Kierowcy("Nr_ewidencji_NESKM", "Imie", "Nazwisko", "Nr_prawa_lotu") values('185425', 'HELENA', 'HAGENLOCHER', '897550') 
Insert into Kierowcy("Nr_ewidencji_NESKM", "Imie", "Nazwisko", "Nr_prawa_lotu") values('999413', 'ANGELIKA', 'FREJ', '436903') 
Insert into Kierowcy("Nr_ewidencji_NESKM", "Imie", "Nazwisko", "Nr_prawa_lotu") values('558579', 'ELENA', 'KAZIK', '380353') 
Insert into Kierowcy("Nr_ewidencji_NESKM", "Imie", "Nazwisko", "Nr_prawa_lotu") values('309463', 'FAUSTYNA', 'BAHITLI', '574119') 
Insert into Kierowcy("Nr_ewidencji_NESKM", "Imie", "Nazwisko", "Nr_prawa_lotu") values('171306', 'AMADEUSZ', 'LEBNICKI', '919780') 
Insert into Kierowcy("Nr_ewidencji_NESKM", "Imie", "Nazwisko", "Nr_prawa_lotu") values('179626', 'GABRIELA', 'ÇİFTÇİ', '914276') 
Insert into Kierowcy("Nr_ewidencji_NESKM", "Imie", "Nazwisko", "Nr_prawa_lotu") values('642321', 'SŁAWOMIR', 'PIENDYK', '360075') 
Insert into Kierowcy("Nr_ewidencji_NESKM", "Imie", "Nazwisko", "Nr_prawa_lotu") values('428908', 'MICHALINA', 'TOŁSTYCH', '884281') 
Insert into Kierowcy("Nr_ewidencji_NESKM", "Imie", "Nazwisko", "Nr_prawa_lotu") values('278044', 'ARON', 'PIENTEL', '919300') 
Insert into Kierowcy("Nr_ewidencji_NESKM", "Imie", "Nazwisko", "Nr_prawa_lotu") values('858553', 'JULIANNA', 'OCHMANIUK', '971408') 
Insert into Kierowcy("Nr_ewidencji_NESKM", "Imie", "Nazwisko", "Nr_prawa_lotu") values('683781', 'MIROSŁAW', 'SOŁOCH', '496191') 
Insert into Kierowcy("Nr_ewidencji_NESKM", "Imie", "Nazwisko", "Nr_prawa_lotu") values('462023', 'DOBROCHNA', 'BYJOCH', '652000') 
Insert into Kierowcy("Nr_ewidencji_NESKM", "Imie", "Nazwisko", "Nr_prawa_lotu") values('170920', 'LEONARD', 'ŚWIEŻY', '619824') 
Insert into Kierowcy("Nr_ewidencji_NESKM", "Imie", "Nazwisko", "Nr_prawa_lotu") values('469913', 'TEODOR', 'SZEMROWICZ', '710925') 
Insert into Kierowcy("Nr_ewidencji_NESKM", "Imie", "Nazwisko", "Nr_prawa_lotu") values('769948', 'KACPER', 'RUSKI', '360640') 
Insert into Kierowcy("Nr_ewidencji_NESKM", "Imie", "Nazwisko", "Nr_prawa_lotu") values('465203', 'OLIVIA', 'KWACZAŁA', '845554') 
Insert into Kierowcy("Nr_ewidencji_NESKM", "Imie", "Nazwisko", "Nr_prawa_lotu") values('143234', 'DIEGO', 'MORDĘCKI', '899216') 
Insert into Kierowcy("Nr_ewidencji_NESKM", "Imie", "Nazwisko", "Nr_prawa_lotu") values('679480', 'KAJA', 'KOPYNIECKA', '658355') 
Insert into Kierowcy("Nr_ewidencji_NESKM", "Imie", "Nazwisko", "Nr_prawa_lotu") values('745826', 'JESSICA', 'DANUSEWICZ', '948166') 
Insert into Kierowcy("Nr_ewidencji_NESKM", "Imie", "Nazwisko", "Nr_prawa_lotu") values('963206', 'WANESSA', 'EPHRAIM', '496555') 
Insert into Kierowcy("Nr_ewidencji_NESKM", "Imie", "Nazwisko", "Nr_prawa_lotu") values('974450', 'SZYMON', 'KENDRACKI', '806242') 
Insert into Kierowcy("Nr_ewidencji_NESKM", "Imie", "Nazwisko", "Nr_prawa_lotu") values('494190', 'MARIKA', 'PIETRZYK-LIS', '394397') 
Insert into Kierowcy("Nr_ewidencji_NESKM", "Imie", "Nazwisko", "Nr_prawa_lotu") values('575485', 'MALWINA', 'ANIKIEJCZYK', '454881') 
Insert into Kierowcy("Nr_ewidencji_NESKM", "Imie", "Nazwisko", "Nr_prawa_lotu") values('896508', 'KRYSPIN', 'RICHTSZAJD', '539941') 
Insert into Kierowcy("Nr_ewidencji_NESKM", "Imie", "Nazwisko", "Nr_prawa_lotu") values('735735', 'JAGODA', 'PIOTROWSKA-IWANOW', '658837') 
Insert into Kierowcy("Nr_ewidencji_NESKM", "Imie", "Nazwisko", "Nr_prawa_lotu") values('758718', 'MARTYNA', 'ŁADOWSKA', '484134') 
Insert into Kierowcy("Nr_ewidencji_NESKM", "Imie", "Nazwisko", "Nr_prawa_lotu") values('795355', 'JEREMIASZ', 'FESICH', '958104') 
Insert into Kierowcy("Nr_ewidencji_NESKM", "Imie", "Nazwisko", "Nr_prawa_lotu") values('218083', 'KAROLINA', 'GALIMOVA', '369811') 
Insert into Kierowcy("Nr_ewidencji_NESKM", "Imie", "Nazwisko", "Nr_prawa_lotu") values('503625', 'WIKTORIA', 'SHPURA', '718292') 
Insert into Kierowcy("Nr_ewidencji_NESKM", "Imie", "Nazwisko", "Nr_prawa_lotu") values('324122', 'ELŻBIETA', 'PUSIO', '512327') 
Insert into Kierowcy("Nr_ewidencji_NESKM", "Imie", "Nazwisko", "Nr_prawa_lotu") values('512085', 'LIVIA', 'MARSZAŁKIEWICZ', '375380') 
Insert into Kierowcy("Nr_ewidencji_NESKM", "Imie", "Nazwisko", "Nr_prawa_lotu") values('288869', 'MATYLDA', 'RZĄDZICKA', '388424') 
Insert into Kierowcy("Nr_ewidencji_NESKM", "Imie", "Nazwisko", "Nr_prawa_lotu") values('279376', 'NATHAN', 'GORYCZKO', '879228') 
Insert into Kierowcy("Nr_ewidencji_NESKM", "Imie", "Nazwisko", "Nr_prawa_lotu") values('478575', 'SŁAWOMIR', 'MOCANU', '705912') 
Insert into Kierowcy("Nr_ewidencji_NESKM", "Imie", "Nazwisko", "Nr_prawa_lotu") values('800240', 'PIOTR', 'BONDARSKI', '671780') 
Insert into Kierowcy("Nr_ewidencji_NESKM", "Imie", "Nazwisko", "Nr_prawa_lotu") values('759982', 'VIVIANA', 'OKRĘTA', '513559') 
Insert into Kierowcy("Nr_ewidencji_NESKM", "Imie", "Nazwisko", "Nr_prawa_lotu") values('915104', 'HANNA', 'KLITZSCH', '387734') 
Insert into Kierowcy("Nr_ewidencji_NESKM", "Imie", "Nazwisko", "Nr_prawa_lotu") values('627986', 'MICHELLE', 'BECMERSKA-LEWICKA', '390470') 
Insert into Kierowcy("Nr_ewidencji_NESKM", "Imie", "Nazwisko", "Nr_prawa_lotu") values('577824', 'JAREMA', 'SZFRANIEC', '393044') 
Insert into Kierowcy("Nr_ewidencji_NESKM", "Imie", "Nazwisko", "Nr_prawa_lotu") values('532980', 'MARCELI', 'POWERSKI', '704449') 
Insert into Kierowcy("Nr_ewidencji_NESKM", "Imie", "Nazwisko", "Nr_prawa_lotu") values('701892', 'MARCELINA', 'WARIAS', '703064') 
Insert into Kierowcy("Nr_ewidencji_NESKM", "Imie", "Nazwisko", "Nr_prawa_lotu") values('680985', 'GABRIEL', 'GROHSMANN', '449235') 
Insert into Kierowcy("Nr_ewidencji_NESKM", "Imie", "Nazwisko", "Nr_prawa_lotu") values('456678', 'ALAN', 'GNASS', '554513') 
Insert into Kierowcy("Nr_ewidencji_NESKM", "Imie", "Nazwisko", "Nr_prawa_lotu") values('535566', 'KRYSPIN', 'MÓLL', '385332') 
Insert into Kierowcy("Nr_ewidencji_NESKM", "Imie", "Nazwisko", "Nr_prawa_lotu") values('305679', 'OTYLIA', 'GIEDYNA', '767733') 
Insert into Kierowcy("Nr_ewidencji_NESKM", "Imie", "Nazwisko", "Nr_prawa_lotu") values('380532', 'KSAWIER', 'SIROCZYŃSKI', '670208') 
Insert into Kierowcy("Nr_ewidencji_NESKM", "Imie", "Nazwisko", "Nr_prawa_lotu") values('139417', 'NATHANIEL', 'DZIUBAŃSKI', '374227') 
Insert into Kierowcy("Nr_ewidencji_NESKM", "Imie", "Nazwisko", "Nr_prawa_lotu") values('148838', 'SZYMON', 'TOMOLIK', '816279') 
Insert into Kierowcy("Nr_ewidencji_NESKM", "Imie", "Nazwisko", "Nr_prawa_lotu") values('749128', 'NICOLE', 'GAUCI', '526417') 
Insert into Kierowcy("Nr_ewidencji_NESKM", "Imie", "Nazwisko", "Nr_prawa_lotu") values('831858', 'KRZYSZTOF', 'BUDCHYK', '784870') 
Insert into Kierowcy("Nr_ewidencji_NESKM", "Imie", "Nazwisko", "Nr_prawa_lotu") values('993990', 'LIDIA', 'KUMACZEK', '466057') 
Insert into Kierowcy("Nr_ewidencji_NESKM", "Imie", "Nazwisko", "Nr_prawa_lotu") values('166479', 'BIANKA', 'SALEM BARRAK', '624673') 
Insert into Kierowcy("Nr_ewidencji_NESKM", "Imie", "Nazwisko", "Nr_prawa_lotu") values('827246', 'MARTA', 'SZUWALSKA', '642316') 
Insert into Kierowcy("Nr_ewidencji_NESKM", "Imie", "Nazwisko", "Nr_prawa_lotu") values('112624', 'ŁUCJA', 'UPIEC', '392219') 
Insert into Kierowcy("Nr_ewidencji_NESKM", "Imie", "Nazwisko", "Nr_prawa_lotu") values('425601', 'SZYMON', 'ROKITA', '819482') 
Insert into Kierowcy("Nr_ewidencji_NESKM", "Imie", "Nazwisko", "Nr_prawa_lotu") values('441580', 'NINA', 'BOSS', '518413') 
Insert into Kierowcy("Nr_ewidencji_NESKM", "Imie", "Nazwisko", "Nr_prawa_lotu") values('484759', 'DAGMARA', 'JAROC', '384520') 
Insert into Kierowcy("Nr_ewidencji_NESKM", "Imie", "Nazwisko", "Nr_prawa_lotu") values('132698', 'MARTYNA', 'KUSHPIL', '511547') 
Insert into Kierowcy("Nr_ewidencji_NESKM", "Imie", "Nazwisko", "Nr_prawa_lotu") values('638751', 'VINCENT', 'ROMANKOW', '662835') 
Insert into Kierowcy("Nr_ewidencji_NESKM", "Imie", "Nazwisko", "Nr_prawa_lotu") values('134503', 'KINGA', 'GARDIAN', '493708') 
Insert into Kierowcy("Nr_ewidencji_NESKM", "Imie", "Nazwisko", "Nr_prawa_lotu") values('204174', 'ANGELIKA', 'HORHOTS', '787158') 
Insert into Kierowcy("Nr_ewidencji_NESKM", "Imie", "Nazwisko", "Nr_prawa_lotu") values('231399', 'ESTERA', 'TAKAMURA', '892723') 
Insert into Kierowcy("Nr_ewidencji_NESKM", "Imie", "Nazwisko", "Nr_prawa_lotu") values('290759', 'EWA', 'DOPADLIK', '678459') 
Insert into Kierowcy("Nr_ewidencji_NESKM", "Imie", "Nazwisko", "Nr_prawa_lotu") values('632609', 'MIRIAM', 'GARCZYNA', '853285') 
Insert into Kierowcy("Nr_ewidencji_NESKM", "Imie", "Nazwisko", "Nr_prawa_lotu") values('622756', 'SANDRA', 'KPENOU-ROMANOWICZ', '897641') 
Insert into Kierowcy("Nr_ewidencji_NESKM", "Imie", "Nazwisko", "Nr_prawa_lotu") values('912686', 'BENEDYKT', 'KAZUVA', '519192') 
Insert into Kierowcy("Nr_ewidencji_NESKM", "Imie", "Nazwisko", "Nr_prawa_lotu") values('648482', 'MONIKA', 'RAKOCZY-JANKOWSKA', '459161') 
Insert into Kierowcy("Nr_ewidencji_NESKM", "Imie", "Nazwisko", "Nr_prawa_lotu") values('421208', 'TOBIASZ', 'EL JOUBOURI', '438263') 
Insert into Kierowcy("Nr_ewidencji_NESKM", "Imie", "Nazwisko", "Nr_prawa_lotu") values('899226', 'ANTONI', 'NĘDZA', '641427') 
Insert into Kierowcy("Nr_ewidencji_NESKM", "Imie", "Nazwisko", "Nr_prawa_lotu") values('462581', 'MARCEL', 'ŚMIEJCZAK', '428497') 
Insert into Kierowcy("Nr_ewidencji_NESKM", "Imie", "Nazwisko", "Nr_prawa_lotu") values('938276', 'ADRIANNA', 'SZCZUPSKA', '413585') 
Insert into Kierowcy("Nr_ewidencji_NESKM", "Imie", "Nazwisko", "Nr_prawa_lotu") values('812533', 'LARYSA', 'MEICHER', '383475') 
Insert into Kierowcy("Nr_ewidencji_NESKM", "Imie", "Nazwisko", "Nr_prawa_lotu") values('889320', 'KORDIAN', 'ROZWOZÓW', '453968') 
Insert into Kierowcy("Nr_ewidencji_NESKM", "Imie", "Nazwisko", "Nr_prawa_lotu") values('637708', 'KORNELIA', 'MENACHEM', '807074') 
Insert into Kierowcy("Nr_ewidencji_NESKM", "Imie", "Nazwisko", "Nr_prawa_lotu") values('783480', 'BARBARA', 'LUDCZAK', '581258') 
Insert into Kierowcy("Nr_ewidencji_NESKM", "Imie", "Nazwisko", "Nr_prawa_lotu") values('776405', 'ARTUR', 'GROTTEL', '846581') 
Insert into Kierowcy("Nr_ewidencji_NESKM", "Imie", "Nazwisko", "Nr_prawa_lotu") values('434132', 'ADRIANNA', 'SZALBIRAK', '724445') 
Insert into Kierowcy("Nr_ewidencji_NESKM", "Imie", "Nazwisko", "Nr_prawa_lotu") values('981879', 'INEZ', 'BAKHMADOVA', '416483') 
Insert into Kierowcy("Nr_ewidencji_NESKM", "Imie", "Nazwisko", "Nr_prawa_lotu") values('813766', 'BRYGIDA', 'NIKOLAS', '809805') 
Insert into Kierowcy("Nr_ewidencji_NESKM", "Imie", "Nazwisko", "Nr_prawa_lotu") values('381270', 'WERONIKA', 'PILESKA', '602911') 
Insert into Kierowcy("Nr_ewidencji_NESKM", "Imie", "Nazwisko", "Nr_prawa_lotu") values('523705', 'ROMA', 'MONE', '747439') 
Insert into Kierowcy("Nr_ewidencji_NESKM", "Imie", "Nazwisko", "Nr_prawa_lotu") values('955710', 'IDALIA', 'ŚWISTOŃ', '581140') 
Insert into Kierowcy("Nr_ewidencji_NESKM", "Imie", "Nazwisko", "Nr_prawa_lotu") values('571372', 'URSZULA', 'GRZYBULSKA', '960570') 
Insert into Kierowcy("Nr_ewidencji_NESKM", "Imie", "Nazwisko", "Nr_prawa_lotu") values('135599', 'ZUZANNA', 'ROTAU', '671900') 
Insert into Kierowcy("Nr_ewidencji_NESKM", "Imie", "Nazwisko", "Nr_prawa_lotu") values('622708', 'FRANCISZEK', 'RUTCZYŃSKI', '488026') 
Insert into Kierowcy("Nr_ewidencji_NESKM", "Imie", "Nazwisko", "Nr_prawa_lotu") values('344409', 'MATYLDA', 'MAIWALD', '490567') 
Insert into Kierowcy("Nr_ewidencji_NESKM", "Imie", "Nazwisko", "Nr_prawa_lotu") values('800288', 'ZUZANNA', 'JURGAŚ', '528582') 
Insert into Kierowcy("Nr_ewidencji_NESKM", "Imie", "Nazwisko", "Nr_prawa_lotu") values('358243', 'DORIAN', 'SAGEE', '947563') 
Insert into Kierowcy("Nr_ewidencji_NESKM", "Imie", "Nazwisko", "Nr_prawa_lotu") values('162540', 'SOFIA', 'ŚWIĘTY', '902644') 
Insert into Kierowcy("Nr_ewidencji_NESKM", "Imie", "Nazwisko", "Nr_prawa_lotu") values('244862', 'SANTIAGO', 'MACOWSKI', '357112') 
Insert into Kierowcy("Nr_ewidencji_NESKM", "Imie", "Nazwisko", "Nr_prawa_lotu") values('712688', 'FLORIAN', 'CHERVONYAK', '837133') 
Insert into Kierowcy("Nr_ewidencji_NESKM", "Imie", "Nazwisko", "Nr_prawa_lotu") values('212993', 'FAUSTYNA', 'WOJCIKIEWICZ', '833716') 
Insert into Kierowcy("Nr_ewidencji_NESKM", "Imie", "Nazwisko", "Nr_prawa_lotu") values('682735', 'JUSTYNA', 'SPRUSIŃSKA', '878100') 
Insert into Kierowcy("Nr_ewidencji_NESKM", "Imie", "Nazwisko", "Nr_prawa_lotu") values('152929', 'MARIA', 'WOŁKOWICKA', '577767') 
Insert into Kierowcy("Nr_ewidencji_NESKM", "Imie", "Nazwisko", "Nr_prawa_lotu") values('803801', 'JÓZEF', 'SCHEWE', '708905') 
Insert into Kierowcy("Nr_ewidencji_NESKM", "Imie", "Nazwisko", "Nr_prawa_lotu") values('805251', 'EWELINA', 'BRUSS', '572491') 
Insert into Kierowcy("Nr_ewidencji_NESKM", "Imie", "Nazwisko", "Nr_prawa_lotu") values('169396', 'BERNARD', 'TUREL', '953534') 
Insert into Kierowcy("Nr_ewidencji_NESKM", "Imie", "Nazwisko", "Nr_prawa_lotu") values('429790', 'CYRYL', 'SIWADŁOWSKI', '466443') 
Insert into Kierowcy("Nr_ewidencji_NESKM", "Imie", "Nazwisko", "Nr_prawa_lotu") values('720776', 'SELENA', 'HYC', '735807') 
Insert into Kierowcy("Nr_ewidencji_NESKM", "Imie", "Nazwisko", "Nr_prawa_lotu") values('504109', 'MAJKA', 'KUNICZAK', '766411') 
Insert into Kierowcy("Nr_ewidencji_NESKM", "Imie", "Nazwisko", "Nr_prawa_lotu") values('813907', 'IGNACY', 'YAFREMENKA', '449957') 
Insert into Kierowcy("Nr_ewidencji_NESKM", "Imie", "Nazwisko", "Nr_prawa_lotu") values('611989', 'MIRIAM', 'NACKIEWICZ', '753441') 
Insert into Kierowcy("Nr_ewidencji_NESKM", "Imie", "Nazwisko", "Nr_prawa_lotu") values('486502', 'MACIEJ', 'BROSZKOWSKI', '405605') 
Insert into Kierowcy("Nr_ewidencji_NESKM", "Imie", "Nazwisko", "Nr_prawa_lotu") values('288766', 'HALINA', 'BŁAHITKA', '616463') 
Insert into Kierowcy("Nr_ewidencji_NESKM", "Imie", "Nazwisko", "Nr_prawa_lotu") values('630086', 'OTYLIA', 'BIERZUŃSKI', '839455') 
Insert into Kierowcy("Nr_ewidencji_NESKM", "Imie", "Nazwisko", "Nr_prawa_lotu") values('354828', 'NADIA', 'MCLAREN', '416347') 
Insert into Kierowcy("Nr_ewidencji_NESKM", "Imie", "Nazwisko", "Nr_prawa_lotu") values('979158', 'ADRIAN', 'BAKAŁARZ', '583993') 
Insert into Kierowcy("Nr_ewidencji_NESKM", "Imie", "Nazwisko", "Nr_prawa_lotu") values('847488', 'LUCJAN', 'SZNYRA', '410047') 
Insert into Kierowcy("Nr_ewidencji_NESKM", "Imie", "Nazwisko", "Nr_prawa_lotu") values('356497', 'OLAF', 'PEREHINCHUK', '558376') 
Insert into Kierowcy("Nr_ewidencji_NESKM", "Imie", "Nazwisko", "Nr_prawa_lotu") values('858057', 'BRAYAN', 'KANAT', '544856') 
Insert into Kierowcy("Nr_ewidencji_NESKM", "Imie", "Nazwisko", "Nr_prawa_lotu") values('715738', 'BRUNON', 'ZMURCZYŃSKI', '657164') 
Insert into Kierowcy("Nr_ewidencji_NESKM", "Imie", "Nazwisko", "Nr_prawa_lotu") values('137949', 'SAMUEL', 'GŁAŻEWSKI', '376946') 
Insert into Kierowcy("Nr_ewidencji_NESKM", "Imie", "Nazwisko", "Nr_prawa_lotu") values('143781', 'TOLA', 'WINSZTAL', '947146') 
Insert into Kierowcy("Nr_ewidencji_NESKM", "Imie", "Nazwisko", "Nr_prawa_lotu") values('787396', 'LARYSA', 'MAJLINGER', '607205') 
Insert into Kierowcy("Nr_ewidencji_NESKM", "Imie", "Nazwisko", "Nr_prawa_lotu") values('974795', 'EMMA', 'PESENTI', '979549') 
Insert into Kierowcy("Nr_ewidencji_NESKM", "Imie", "Nazwisko", "Nr_prawa_lotu") values('917283', 'ADRIAN', 'KOLEK', '923243') 
Insert into Kierowcy("Nr_ewidencji_NESKM", "Imie", "Nazwisko", "Nr_prawa_lotu") values('952052', 'ZACHARY', 'KLAUB', '802492') 
Insert into Kierowcy("Nr_ewidencji_NESKM", "Imie", "Nazwisko", "Nr_prawa_lotu") values('951777', 'PATRYK', 'NJI FOY', '985127') 
Insert into Kierowcy("Nr_ewidencji_NESKM", "Imie", "Nazwisko", "Nr_prawa_lotu") values('302897', 'DARIUSZ', 'KINDYKEVYCH', '661337') 
Insert into Kierowcy("Nr_ewidencji_NESKM", "Imie", "Nazwisko", "Nr_prawa_lotu") values('265643', 'JAŚMINA', 'WRODERSKA', '835469') 
Insert into Kierowcy("Nr_ewidencji_NESKM", "Imie", "Nazwisko", "Nr_prawa_lotu") values('610835', 'WITOLD', 'BIMCAS', '640932') 
Insert into Kierowcy("Nr_ewidencji_NESKM", "Imie", "Nazwisko", "Nr_prawa_lotu") values('461825', 'KARINA', 'CHARITOU', '407639') 
Insert into Kierowcy("Nr_ewidencji_NESKM", "Imie", "Nazwisko", "Nr_prawa_lotu") values('226369', 'ANITA', 'BAUSZEWSKA', '679317') 
Insert into Kierowcy("Nr_ewidencji_NESKM", "Imie", "Nazwisko", "Nr_prawa_lotu") values('818682', 'KORDIAN', 'PANKSZTEŁO', '863153') 
Insert into Kierowcy("Nr_ewidencji_NESKM", "Imie", "Nazwisko", "Nr_prawa_lotu") values('705233', 'TAMARA', 'SAHNOUN', '591294') 
Insert into Kierowcy("Nr_ewidencji_NESKM", "Imie", "Nazwisko", "Nr_prawa_lotu") values('220222', 'LEOPOLD', 'ZUBRZAK', '914910') 
Insert into Kierowcy("Nr_ewidencji_NESKM", "Imie", "Nazwisko", "Nr_prawa_lotu") values('116317', 'MILAN', 'NESSIM LANDAU', '701438') 
Insert into Kierowcy("Nr_ewidencji_NESKM", "Imie", "Nazwisko", "Nr_prawa_lotu") values('376405', 'SZYMON', 'TERESZKIEWICZ VEL TERESZCZUK', '896153') 
Insert into Kierowcy("Nr_ewidencji_NESKM", "Imie", "Nazwisko", "Nr_prawa_lotu") values('414981', 'LEA', 'MCGLYNN', '803273') 
Insert into Kierowcy("Nr_ewidencji_NESKM", "Imie", "Nazwisko", "Nr_prawa_lotu") values('217908', 'BRUNON', 'PAWLUK VEL BAKUN', '364160') 
Insert into Kierowcy("Nr_ewidencji_NESKM", "Imie", "Nazwisko", "Nr_prawa_lotu") values('705234', 'MICHELLE', 'ZARZYCKA-GOŁĄB', '590135') 
Insert into Kierowcy("Nr_ewidencji_NESKM", "Imie", "Nazwisko", "Nr_prawa_lotu") values('853976', 'AUGUST', 'KENNERT', '901407') 
Insert into Kierowcy("Nr_ewidencji_NESKM", "Imie", "Nazwisko", "Nr_prawa_lotu") values('288125', 'ESTERA', 'SZYMAŃSKA-MICHALAK', '772136') 
Insert into Kierowcy("Nr_ewidencji_NESKM", "Imie", "Nazwisko", "Nr_prawa_lotu") values('330853', 'BENJAMIN', 'MATYNKIEWICZ', '950161') 
Insert into Kierowcy("Nr_ewidencji_NESKM", "Imie", "Nazwisko", "Nr_prawa_lotu") values('315970', 'WERONIKA', 'GOTT', '439183') 
Insert into Kierowcy("Nr_ewidencji_NESKM", "Imie", "Nazwisko", "Nr_prawa_lotu") values('625991', 'LILIANNA', 'RZYMEŁKA', '548014') 
Insert into Kierowcy("Nr_ewidencji_NESKM", "Imie", "Nazwisko", "Nr_prawa_lotu") values('292345', 'JUDYTA', 'UMŁAWSKA', '519832') 
Insert into Kierowcy("Nr_ewidencji_NESKM", "Imie", "Nazwisko", "Nr_prawa_lotu") values('112371', 'ANATOL', 'GESUMUNNO', '594832') 
Insert into Kierowcy("Nr_ewidencji_NESKM", "Imie", "Nazwisko", "Nr_prawa_lotu") values('743165', 'OLAF', 'MURMYŁOWSKI', '928262') 
Insert into Kierowcy("Nr_ewidencji_NESKM", "Imie", "Nazwisko", "Nr_prawa_lotu") values('722034', 'BARBARA', 'BREITENWALD', '969529') 
Insert into Kierowcy("Nr_ewidencji_NESKM", "Imie", "Nazwisko", "Nr_prawa_lotu") values('552770', 'KATIA', 'TURLEJ-MIZIURA', '406965') 
Insert into Kierowcy("Nr_ewidencji_NESKM", "Imie", "Nazwisko", "Nr_prawa_lotu") values('547434', 'SEBASTIAN', 'JOECK', '941651') 
Insert into Kierowcy("Nr_ewidencji_NESKM", "Imie", "Nazwisko", "Nr_prawa_lotu") values('682172', 'LARYSA', 'KOJDECKA', '730241') 
Insert into Kierowcy("Nr_ewidencji_NESKM", "Imie", "Nazwisko", "Nr_prawa_lotu") values('840988', 'DENIS', 'POLIANCHUK', '403436') 
Insert into Kierowcy("Nr_ewidencji_NESKM", "Imie", "Nazwisko", "Nr_prawa_lotu") values('679271', 'LUIZA', 'GRASZK', '805253') 
Insert into Kierowcy("Nr_ewidencji_NESKM", "Imie", "Nazwisko", "Nr_prawa_lotu") values('869904', 'IVO', 'ASŁAN', '528972') 
Insert into Kierowcy("Nr_ewidencji_NESKM", "Imie", "Nazwisko", "Nr_prawa_lotu") values('591190', 'JESSICA', 'FOLCIK', '831491') 
Insert into Kierowcy("Nr_ewidencji_NESKM", "Imie", "Nazwisko", "Nr_prawa_lotu") values('664063', 'JANA', 'AŁKOWSKA', '731587') 
Insert into Kierowcy("Nr_ewidencji_NESKM", "Imie", "Nazwisko", "Nr_prawa_lotu") values('818755', 'KEWIN', 'ALIPAZ WOŹNIECKI', '692504') 
Insert into Kierowcy("Nr_ewidencji_NESKM", "Imie", "Nazwisko", "Nr_prawa_lotu") values('590344', 'MAKSYM', 'KLONECKI-OLECH', '348707') 
Insert into Kierowcy("Nr_ewidencji_NESKM", "Imie", "Nazwisko", "Nr_prawa_lotu") values('870435', 'BENJAMIN', 'KLEMER', '868796') 
Insert into Kierowcy("Nr_ewidencji_NESKM", "Imie", "Nazwisko", "Nr_prawa_lotu") values('925004', 'DARIUSZ', 'MARZHALA', '454128') 
Insert into Kierowcy("Nr_ewidencji_NESKM", "Imie", "Nazwisko", "Nr_prawa_lotu") values('197276', 'IRENEUSZ', 'SAŁADIAK', '389940') 
Insert into Kierowcy("Nr_ewidencji_NESKM", "Imie", "Nazwisko", "Nr_prawa_lotu") values('523991', 'BRAYAN', 'KIRIIENKO', '730999') 
Insert into Kierowcy("Nr_ewidencji_NESKM", "Imie", "Nazwisko", "Nr_prawa_lotu") values('643838', 'NIKOLAS', 'BOTEZATU', '563566') 
Insert into Kierowcy("Nr_ewidencji_NESKM", "Imie", "Nazwisko", "Nr_prawa_lotu") values('914077', 'SEBASTIAN', 'IURCHAK', '663550') 
Insert into Kierowcy("Nr_ewidencji_NESKM", "Imie", "Nazwisko", "Nr_prawa_lotu") values('150486', 'ALEXANDER', 'SKŁADZIEŃ', '640331') 
Insert into Kierowcy("Nr_ewidencji_NESKM", "Imie", "Nazwisko", "Nr_prawa_lotu") values('517869', 'RYAN', 'NESPIAK', '773033') 
Insert into Kierowcy("Nr_ewidencji_NESKM", "Imie", "Nazwisko", "Nr_prawa_lotu") values('921026', 'TATIANA', 'ETMINOWICZ', '640303') 
Insert into Kierowcy("Nr_ewidencji_NESKM", "Imie", "Nazwisko", "Nr_prawa_lotu") values('567322', 'IZABELA', 'ĆWIOK', '593134') 
Insert into Kierowcy("Nr_ewidencji_NESKM", "Imie", "Nazwisko", "Nr_prawa_lotu") values('884736', 'MAXIMILIAN', 'KAMFORSKI', '820063') 
Insert into Kierowcy("Nr_ewidencji_NESKM", "Imie", "Nazwisko", "Nr_prawa_lotu") values('736909', 'KAJA', 'HNIDENKO', '498517') 
Insert into Kierowcy("Nr_ewidencji_NESKM", "Imie", "Nazwisko", "Nr_prawa_lotu") values('192794', 'LUDWIK', 'WETESKI', '851382') 
Insert into Kierowcy("Nr_ewidencji_NESKM", "Imie", "Nazwisko", "Nr_prawa_lotu") values('738391', 'OKTAWIAN', 'MIKIELEWICZ', '622619') 
Insert into Kierowcy("Nr_ewidencji_NESKM", "Imie", "Nazwisko", "Nr_prawa_lotu") values('880342', 'ARKADIUSZ', 'WRĄCZEWSKI', '987419') 
Insert into Kierowcy("Nr_ewidencji_NESKM", "Imie", "Nazwisko", "Nr_prawa_lotu") values('805559', 'VIVIANA', 'JACKANICZ-BĄK', '965454') 
Insert into Kierowcy("Nr_ewidencji_NESKM", "Imie", "Nazwisko", "Nr_prawa_lotu") values('944811', 'ANASTAZJA', 'DMETRASZ', '641877') 
Insert into Kierowcy("Nr_ewidencji_NESKM", "Imie", "Nazwisko", "Nr_prawa_lotu") values('423825', 'ROBERT', 'CHŁOPKIEWICZ', '525868') 
Insert into Kierowcy("Nr_ewidencji_NESKM", "Imie", "Nazwisko", "Nr_prawa_lotu") values('780463', 'WIKTOR', 'GLETT', '608449') 
Insert into Kierowcy("Nr_ewidencji_NESKM", "Imie", "Nazwisko", "Nr_prawa_lotu") values('488264', 'MARZENA', 'OLFIROWICZ', '357891') 
Insert into Kierowcy("Nr_ewidencji_NESKM", "Imie", "Nazwisko", "Nr_prawa_lotu") values('515567', 'SONIA', 'KOWALSKA-WERNER', '652157') 
Insert into Kierowcy("Nr_ewidencji_NESKM", "Imie", "Nazwisko", "Nr_prawa_lotu") values('741468', 'NIKOLA', 'MIAŁKOS', '871679') 
Insert into Kierowcy("Nr_ewidencji_NESKM", "Imie", "Nazwisko", "Nr_prawa_lotu") values('766308', 'KORNELIA', 'WOLFF', '834825') 
Insert into Kierowcy("Nr_ewidencji_NESKM", "Imie", "Nazwisko", "Nr_prawa_lotu") values('361903', 'DANIEL', 'GIERAŁA', '366039') 
Insert into Kierowcy("Nr_ewidencji_NESKM", "Imie", "Nazwisko", "Nr_prawa_lotu") values('516364', 'KLARA', 'BRUKWICZ', '686676') 
Insert into Kierowcy("Nr_ewidencji_NESKM", "Imie", "Nazwisko", "Nr_prawa_lotu") values('172893', 'NIKOLA', 'BENINI', '443172') 
Insert into Kierowcy("Nr_ewidencji_NESKM", "Imie", "Nazwisko", "Nr_prawa_lotu") values('241140', 'ROCH', 'NOWOTTNIK', '833841') 
Insert into Kierowcy("Nr_ewidencji_NESKM", "Imie", "Nazwisko", "Nr_prawa_lotu") values('216080', 'LILIA', 'DABCHA', '752068') 
Insert into Kierowcy("Nr_ewidencji_NESKM", "Imie", "Nazwisko", "Nr_prawa_lotu") values('773715', 'TYMOTEUSZ', 'BARSTA', '852741') 
Insert into Kierowcy("Nr_ewidencji_NESKM", "Imie", "Nazwisko", "Nr_prawa_lotu") values('891085', 'KSAWERY', 'PRECIGS', '683063') 
Insert into Kierowcy("Nr_ewidencji_NESKM", "Imie", "Nazwisko", "Nr_prawa_lotu") values('650678', 'SABINA', 'HUXOLL', '459183') 
Insert into Kierowcy("Nr_ewidencji_NESKM", "Imie", "Nazwisko", "Nr_prawa_lotu") values('901154', 'KSAWERY', 'KROLIKOWSKI', '775976') 
Insert into Kierowcy("Nr_ewidencji_NESKM", "Imie", "Nazwisko", "Nr_prawa_lotu") values('145465', 'ALEXANDRA', 'BANASZEWSKA-DUDEK', '571386') 
Insert into Kierowcy("Nr_ewidencji_NESKM", "Imie", "Nazwisko", "Nr_prawa_lotu") values('564383', 'KATARZYNA', 'BATLLE', '921063') 
Insert into Kierowcy("Nr_ewidencji_NESKM", "Imie", "Nazwisko", "Nr_prawa_lotu") values('903238', 'BRYGIDA', 'SKROŃSKA', '888247') 
Insert into Kierowcy("Nr_ewidencji_NESKM", "Imie", "Nazwisko", "Nr_prawa_lotu") values('918664', 'MAKSYM', 'PĘDRYS', '727725') 
Insert into Kierowcy("Nr_ewidencji_NESKM", "Imie", "Nazwisko", "Nr_prawa_lotu") values('386477', 'RÓŻA', 'KORINNA', '970615') 
Insert into Kierowcy("Nr_ewidencji_NESKM", "Imie", "Nazwisko", "Nr_prawa_lotu") values('397046', 'KUBA', 'KUŁYNIAK', '817378') 
Insert into Kierowcy("Nr_ewidencji_NESKM", "Imie", "Nazwisko", "Nr_prawa_lotu") values('676751', 'CECYLIA', 'BREMNER', '830052') 
Insert into Kierowcy("Nr_ewidencji_NESKM", "Imie", "Nazwisko", "Nr_prawa_lotu") values('613640', 'GABRIEL', 'KANTEK', '638638') 
Insert into Kierowcy("Nr_ewidencji_NESKM", "Imie", "Nazwisko", "Nr_prawa_lotu") values('265131', 'VIVIANA', 'SUSAŁA', '620367') 
Insert into Kierowcy("Nr_ewidencji_NESKM", "Imie", "Nazwisko", "Nr_prawa_lotu") values('680734', 'BRONISŁAW', 'DORECKI', '547210') 
Insert into Kierowcy("Nr_ewidencji_NESKM", "Imie", "Nazwisko", "Nr_prawa_lotu") values('124389', 'NICOLE', 'VON BUCCOW', '653402') 
Insert into Kierowcy("Nr_ewidencji_NESKM", "Imie", "Nazwisko", "Nr_prawa_lotu") values('420595', 'MIKOŁAJ', 'SKWARECKI', '941657') 
Insert into Kierowcy("Nr_ewidencji_NESKM", "Imie", "Nazwisko", "Nr_prawa_lotu") values('617356', 'KRYSPIN', 'SZCZERBININ', '874610') 
Insert into Kierowcy("Nr_ewidencji_NESKM", "Imie", "Nazwisko", "Nr_prawa_lotu") values('193179', 'IDALIA', 'LAHOSHA', '689187') 
Insert into Kierowcy("Nr_ewidencji_NESKM", "Imie", "Nazwisko", "Nr_prawa_lotu") values('760676', 'GAJA', 'SKOŁOZUBOW', '449134') 
Insert into Kierowcy("Nr_ewidencji_NESKM", "Imie", "Nazwisko", "Nr_prawa_lotu") values('342583', 'VANESSA', 'KUŁASZKA', '450054') 
Insert into Kierowcy("Nr_ewidencji_NESKM", "Imie", "Nazwisko", "Nr_prawa_lotu") values('513093', 'MICHALINA', 'CHĘTKOWSKA', '369794') 
Insert into Kierowcy("Nr_ewidencji_NESKM", "Imie", "Nazwisko", "Nr_prawa_lotu") values('201560', 'SARA', 'WOPIŃSKA', '542929') 
Insert into Kierowcy("Nr_ewidencji_NESKM", "Imie", "Nazwisko", "Nr_prawa_lotu") values('337327', 'JAROSŁAW', 'DYBCZAK', '620426') 
Insert into Kierowcy("Nr_ewidencji_NESKM", "Imie", "Nazwisko", "Nr_prawa_lotu") values('759313', 'STANISŁAW', 'DUCHNICKI', '821783') 
Insert into Kierowcy("Nr_ewidencji_NESKM", "Imie", "Nazwisko", "Nr_prawa_lotu") values('113192', 'KINGA', 'KUKOL', '928487') 
Insert into Kierowcy("Nr_ewidencji_NESKM", "Imie", "Nazwisko", "Nr_prawa_lotu") values('968765', 'JÓZEF', 'BABAKIN', '446267') 
Insert into Kierowcy("Nr_ewidencji_NESKM", "Imie", "Nazwisko", "Nr_prawa_lotu") values('914671', 'KAJETAN', 'MIASNOV', '593518') 
Insert into Kierowcy("Nr_ewidencji_NESKM", "Imie", "Nazwisko", "Nr_prawa_lotu") values('333865', 'AMELIA', 'NACHER', '866499') 
Insert into Kierowcy("Nr_ewidencji_NESKM", "Imie", "Nazwisko", "Nr_prawa_lotu") values('111125', 'MILA', 'CHLEBNICZEK', '653796') 
Insert into Kierowcy("Nr_ewidencji_NESKM", "Imie", "Nazwisko", "Nr_prawa_lotu") values('617169', 'LUDWIKA', 'LENDLEWICZ', '973853') 
Insert into Kierowcy("Nr_ewidencji_NESKM", "Imie", "Nazwisko", "Nr_prawa_lotu") values('790526', 'RYAN', 'GIOTIS', '943336') 
Insert into Kierowcy("Nr_ewidencji_NESKM", "Imie", "Nazwisko", "Nr_prawa_lotu") values('780509', 'DANUTA', 'ZAMBRUCKA', '980295') 
Insert into Kierowcy("Nr_ewidencji_NESKM", "Imie", "Nazwisko", "Nr_prawa_lotu") values('838899', 'JULITA', 'GAMULCZYK', '545370') 
Insert into Kierowcy("Nr_ewidencji_NESKM", "Imie", "Nazwisko", "Nr_prawa_lotu") values('185006', 'BLANKA', 'TOWERSKA', '456106') 
Insert into Kierowcy("Nr_ewidencji_NESKM", "Imie", "Nazwisko", "Nr_prawa_lotu") values('821016', 'STEFAN', 'THOMKE', '922331') 
Insert into Kierowcy("Nr_ewidencji_NESKM", "Imie", "Nazwisko", "Nr_prawa_lotu") values('578600', 'KLEMENTYNA', 'KARGULEWICZ', '365389') 
Insert into Kierowcy("Nr_ewidencji_NESKM", "Imie", "Nazwisko", "Nr_prawa_lotu") values('668816', 'ANASTAZJA', 'ZUGEHÖR', '573232') 
Insert into Kierowcy("Nr_ewidencji_NESKM", "Imie", "Nazwisko", "Nr_prawa_lotu") values('265996', 'KSENIA', 'ŻWEREŁŁO', '387188') 
Insert into Kierowcy("Nr_ewidencji_NESKM", "Imie", "Nazwisko", "Nr_prawa_lotu") values('459391', 'MONIKA', 'KARWASIECKA', '703688') 
Insert into Kierowcy("Nr_ewidencji_NESKM", "Imie", "Nazwisko", "Nr_prawa_lotu") values('581547', 'JULIUSZ', 'SZARYK', '529951') 
Insert into Kierowcy("Nr_ewidencji_NESKM", "Imie", "Nazwisko", "Nr_prawa_lotu") values('232695', 'OLIWIER', 'SZELĄG-POLAK', '782269') 
Insert into Kierowcy("Nr_ewidencji_NESKM", "Imie", "Nazwisko", "Nr_prawa_lotu") values('670916', 'ŁUCJA', 'WOŹNIOK', '678388') 
Insert into Kierowcy("Nr_ewidencji_NESKM", "Imie", "Nazwisko", "Nr_prawa_lotu") values('301281', 'TAMARA', 'VINICHENKO', '887493') 
Insert into Kierowcy("Nr_ewidencji_NESKM", "Imie", "Nazwisko", "Nr_prawa_lotu") values('182287', 'ARKADIUSZ', 'SKUROWSKI', '509229') 
Insert into Kierowcy("Nr_ewidencji_NESKM", "Imie", "Nazwisko", "Nr_prawa_lotu") values('837107', 'TAMARA', 'ŁAGOZA', '763916') 
Insert into Kierowcy("Nr_ewidencji_NESKM", "Imie", "Nazwisko", "Nr_prawa_lotu") values('908697', 'REMIGIUSZ', 'DILEWSKI', '829701') 

Insert into Funkcjonariusz("Imie", "Nazwisko", "Plec", "Data_urodzenia", "FK_Stanowisko","Nr_ID") values('MATYLDA', 'RZĄDZICKA', 'K', '3540.11.16', 'Posterunkowy', '288869') 
Insert into Funkcjonariusz("Imie", "Nazwisko", "Plec", "Data_urodzenia", "FK_Stanowisko","Nr_ID") values('GNIEWOMIR', 'BAREN', 'M', '3537.5.22', 'Przodownik', '463268') 
Insert into Funkcjonariusz("Imie", "Nazwisko", "Plec", "Data_urodzenia", "FK_Stanowisko","Nr_ID") values('MARCELINA', 'BUCHWIC', 'K', '3513.9.9', 'Nadkomisarz', '719708') 
Insert into Funkcjonariusz("Imie", "Nazwisko", "Plec", "Data_urodzenia", "FK_Stanowisko","Nr_ID") values('LEA', 'MCGLYNN', 'K', '3517.10.3', 'Nadkomisarz', '414981') 
Insert into Funkcjonariusz("Imie", "Nazwisko", "Plec", "Data_urodzenia", "FK_Stanowisko","Nr_ID") values('DARIUSZ', 'KINDYKEVYCH', 'M', '3538.10.30', 'Starszy posterunkowy', '302897') 
Insert into Funkcjonariusz("Imie", "Nazwisko", "Plec", "Data_urodzenia", "FK_Stanowisko","Nr_ID") values('KRYSPIN', 'KURZYN', 'M', '3542.5.27', 'Przodownik', '793205') 
Insert into Funkcjonariusz("Imie", "Nazwisko", "Plec", "Data_urodzenia", "FK_Stanowisko","Nr_ID") values('KORNELIUSZ', 'DZIUDZIA', 'M', '3525.3.5', 'Podkomisarz ', '527219') 
Insert into Funkcjonariusz("Imie", "Nazwisko", "Plec", "Data_urodzenia", "FK_Stanowisko","Nr_ID") values('ANDRZEJ', 'KOTARAK', 'M', '3529.3.5', 'Nadkomisarz', '939739') 
Insert into Funkcjonariusz("Imie", "Nazwisko", "Plec", "Data_urodzenia", "FK_Stanowisko","Nr_ID") values('DAWID', 'ALDOBAŠIĆ', 'M', '3538.12.7', 'Starszy przodownik', '578597') 
Insert into Funkcjonariusz("Imie", "Nazwisko", "Plec", "Data_urodzenia", "FK_Stanowisko","Nr_ID") values('AGNIESZKA', 'MAKAREINIS', 'K', '3509.8.2', 'Aspirant', '106384') 
Insert into Funkcjonariusz("Imie", "Nazwisko", "Plec", "Data_urodzenia", "FK_Stanowisko","Nr_ID") values('ANDŻELIKA', 'GUTU', 'K', '3534.4.13', 'Starszy posterunkowy', '505333') 
Insert into Funkcjonariusz("Imie", "Nazwisko", "Plec", "Data_urodzenia", "FK_Stanowisko","Nr_ID") values('DOBRAWA', 'ŻUCHEWICZ', 'K', '3517.6.5', 'Podkomisarz ', '994895') 
Insert into Funkcjonariusz("Imie", "Nazwisko", "Plec", "Data_urodzenia", "FK_Stanowisko","Nr_ID") values('MICHALINA', 'ŞEFTALI', 'K', '3513.11.23', 'Nadkomisarz', '476121') 
Insert into Funkcjonariusz("Imie", "Nazwisko", "Plec", "Data_urodzenia", "FK_Stanowisko","Nr_ID") values('CECYLIA', 'JÓZWICKA', 'K', '3540.3.25', 'Starszy posterunkowy', '195811') 
Insert into Funkcjonariusz("Imie", "Nazwisko", "Plec", "Data_urodzenia", "FK_Stanowisko","Nr_ID") values('TAMARA', 'SAHNOUN', 'K', '3500.9.26', 'Starszy przodownik', '705233') 
Insert into Funkcjonariusz("Imie", "Nazwisko", "Plec", "Data_urodzenia", "FK_Stanowisko","Nr_ID") values('KARINA', 'CHARITOU', 'K', '3540.10.2', 'Posterunkowy', '461825') 
Insert into Funkcjonariusz("Imie", "Nazwisko", "Plec", "Data_urodzenia", "FK_Stanowisko","Nr_ID") values('BERNARD', 'TUREL', 'M', '3523.9.20', 'Starszy przodownik', '169396') 
Insert into Funkcjonariusz("Imie", "Nazwisko", "Plec", "Data_urodzenia", "FK_Stanowisko","Nr_ID") values('MIRA', 'DAŃCZURA', 'K', '3501.8.26', 'Podkomisarz ', '245110') 
Insert into Funkcjonariusz("Imie", "Nazwisko", "Plec", "Data_urodzenia", "FK_Stanowisko","Nr_ID") values('DOBROCHNA', 'BYJOCH', 'K', '3538.8.20', 'Starszy posterunkowy', '462023') 
Insert into Funkcjonariusz("Imie", "Nazwisko", "Plec", "Data_urodzenia", "FK_Stanowisko","Nr_ID") values('ELENA', 'KAZIK', 'K', '3531.2.10', 'Starszy przodownik', '558579') 
Insert into Funkcjonariusz("Imie", "Nazwisko", "Plec", "Data_urodzenia", "FK_Stanowisko","Nr_ID") values('GRACJAN', 'BASSZARABA', 'M', '3512.5.15', 'Podkomisarz ', '804009') 
Insert into Funkcjonariusz("Imie", "Nazwisko", "Plec", "Data_urodzenia", "FK_Stanowisko","Nr_ID") values('LARYSA', 'KOJDECKA', 'K', '3516.6.7', 'Komisarz', '682172') 
Insert into Funkcjonariusz("Imie", "Nazwisko", "Plec", "Data_urodzenia", "FK_Stanowisko","Nr_ID") values('KAI', 'RYCHWALSKI', 'M', '3536.10.24', 'Starszy przodownik', '478839') 
Insert into Funkcjonariusz("Imie", "Nazwisko", "Plec", "Data_urodzenia", "FK_Stanowisko","Nr_ID") values('BORYS', 'IDZIAK VEL IDZIKOWSKI', 'M', '3539.7.18', 'Posterunkowy', '671784') 
Insert into Funkcjonariusz("Imie", "Nazwisko", "Plec", "Data_urodzenia", "FK_Stanowisko","Nr_ID") values('MARIA', 'WIZBORUS', 'K', '3518.10.24', 'Podkomisarz ', '368306') 
Insert into Funkcjonariusz("Imie", "Nazwisko", "Plec", "Data_urodzenia", "FK_Stanowisko","Nr_ID") values('ARON', 'EL MAHDI', 'M', '3507.4.7', 'Komisarz', '123291') 
Insert into Funkcjonariusz("Imie", "Nazwisko", "Plec", "Data_urodzenia", "FK_Stanowisko","Nr_ID") values('ROCH', 'NOWOTTNIK', 'M', '3525.7.19', 'Nadkomisarz', '241140') 
Insert into Funkcjonariusz("Imie", "Nazwisko", "Plec", "Data_urodzenia", "FK_Stanowisko","Nr_ID") values('STELLA', 'KATARZYNIAK', 'K', '3503.6.16', 'Starszy przodownik', '603457') 
Insert into Funkcjonariusz("Imie", "Nazwisko", "Plec", "Data_urodzenia", "FK_Stanowisko","Nr_ID") values('IWO', 'ZELER', 'M', '3521.10.13', 'Aspirant', '591896') 
Insert into Funkcjonariusz("Imie", "Nazwisko", "Plec", "Data_urodzenia", "FK_Stanowisko","Nr_ID") values('ALBERT', 'KITZNER', 'M', '3544.12.15', 'Posterunkowy', '264965') 
Insert into Funkcjonariusz("Imie", "Nazwisko", "Plec", "Data_urodzenia", "FK_Stanowisko","Nr_ID") values('OLIVER', 'WITOSIŃSKI', 'M', '3506.7.9', 'Starszy przodownik', '942789') 
Insert into Funkcjonariusz("Imie", "Nazwisko", "Plec", "Data_urodzenia", "FK_Stanowisko","Nr_ID") values('STEFANIA', 'JANNEPALLI', 'K', '3550.11.5', 'Posterunkowy', '567613') 
Insert into Funkcjonariusz("Imie", "Nazwisko", "Plec", "Data_urodzenia", "FK_Stanowisko","Nr_ID") values('MILA', 'OBŁUDA', 'K', '3522.10.6', 'Podkomisarz ', '239952') 
Insert into Funkcjonariusz("Imie", "Nazwisko", "Plec", "Data_urodzenia", "FK_Stanowisko","Nr_ID") values('ARON', 'RASZYD', 'M', '3506.6.8', 'Nadkomisarz', '405830') 
Insert into Funkcjonariusz("Imie", "Nazwisko", "Plec", "Data_urodzenia", "FK_Stanowisko","Nr_ID") values('GRZEGORZ', 'SKRZYPEK', 'M', '3504.9.25', 'Nadkomisarz', '692323') 
Insert into Funkcjonariusz("Imie", "Nazwisko", "Plec", "Data_urodzenia", "FK_Stanowisko","Nr_ID") values('KATARZYNA', 'KOTALCZYK', 'K', '3512.10.19', 'Nadkomisarz', '343417') 
Insert into Funkcjonariusz("Imie", "Nazwisko", "Plec", "Data_urodzenia", "FK_Stanowisko","Nr_ID") values('TYMOTEUSZ', 'BARSTA', 'M', '3545.12.26', 'Starszy posterunkowy', '773715') 
Insert into Funkcjonariusz("Imie", "Nazwisko", "Plec", "Data_urodzenia", "FK_Stanowisko","Nr_ID") values('BOLESŁAW', 'BAGIROW', 'M', '3534.10.28', 'Starszy posterunkowy', '956293') 
Insert into Funkcjonariusz("Imie", "Nazwisko", "Plec", "Data_urodzenia", "FK_Stanowisko","Nr_ID") values('LILIANA', 'YESYPCHUK', 'K', '3547.7.17', 'Starszy posterunkowy', '618330') 
Insert into Funkcjonariusz("Imie", "Nazwisko", "Plec", "Data_urodzenia", "FK_Stanowisko","Nr_ID") values('ARON', 'PIENTEL', 'M', '3545.4.16', 'Posterunkowy', '278044') 
Insert into Funkcjonariusz("Imie", "Nazwisko", "Plec", "Data_urodzenia", "FK_Stanowisko","Nr_ID") values('DANUTA', 'ZAMBRUCKA', 'K', '3524.5.21', 'Komisarz', '780509') 
Insert into Funkcjonariusz("Imie", "Nazwisko", "Plec", "Data_urodzenia", "FK_Stanowisko","Nr_ID") values('NAOMI', 'HEUTMEKERS', 'K', '3500.8.2', 'Starszy przodownik', '731338') 
Insert into Funkcjonariusz("Imie", "Nazwisko", "Plec", "Data_urodzenia", "FK_Stanowisko","Nr_ID") values('ANDRZEJ', 'KALEDOŃSKI', 'M', '3530.3.4', 'Starszy posterunkowy', '930682') 
Insert into Funkcjonariusz("Imie", "Nazwisko", "Plec", "Data_urodzenia", "FK_Stanowisko","Nr_ID") values('LILIA', 'SCHILDT', 'K', '3538.9.9', 'Posterunkowy', '642351') 
Insert into Funkcjonariusz("Imie", "Nazwisko", "Plec", "Data_urodzenia", "FK_Stanowisko","Nr_ID") values('PHILIP', 'TERLAGA', 'M', '3545.6.6', 'Posterunkowy', '292746') 
Insert into Funkcjonariusz("Imie", "Nazwisko", "Plec", "Data_urodzenia", "FK_Stanowisko","Nr_ID") values('KSAWIER', 'STREJKO', 'M', '3509.11.11', 'Komisarz', '263308') 
Insert into Funkcjonariusz("Imie", "Nazwisko", "Plec", "Data_urodzenia", "FK_Stanowisko","Nr_ID") values('NATHANIEL', 'DZIUBAŃSKI', 'M', '3507.8.19', 'Starszy przodownik', '139417') 
Insert into Funkcjonariusz("Imie", "Nazwisko", "Plec", "Data_urodzenia", "FK_Stanowisko","Nr_ID") values('DOBROCHNA', 'FÜNDER', 'K', '3520.11.19', 'Nadkomisarz', '517055') 
Insert into Funkcjonariusz("Imie", "Nazwisko", "Plec", "Data_urodzenia", "FK_Stanowisko","Nr_ID") values('ADAM', 'DALECZKO', 'M', '3537.1.26', 'Posterunkowy', '661252') 
Insert into Funkcjonariusz("Imie", "Nazwisko", "Plec", "Data_urodzenia", "FK_Stanowisko","Nr_ID") values('EMMA', 'PESENTI', 'K', '3509.5.11', 'Aspirant', '974795') 
Insert into Funkcjonariusz("Imie", "Nazwisko", "Plec", "Data_urodzenia", "FK_Stanowisko","Nr_ID") values('WANESA', 'FRENEL', 'K', '3522.12.17', 'Starszy przodownik', '697611') 
Insert into Funkcjonariusz("Imie", "Nazwisko", "Plec", "Data_urodzenia", "FK_Stanowisko","Nr_ID") values('JUDYTA', 'SZCZĘKOWSKA', 'K', '3528.12.19', 'Komisarz', '596570') 
Insert into Funkcjonariusz("Imie", "Nazwisko", "Plec", "Data_urodzenia", "FK_Stanowisko","Nr_ID") values('ANIELA', 'DE PARIS', 'K', '3530.4.26', 'Starszy przodownik', '566239') 
Insert into Funkcjonariusz("Imie", "Nazwisko", "Plec", "Data_urodzenia", "FK_Stanowisko","Nr_ID") values('LUIZA', 'BŁONKIEWICZ-GAWEŁ', 'K', '3544.9.2', 'Starszy posterunkowy', '322036') 
Insert into Funkcjonariusz("Imie", "Nazwisko", "Plec", "Data_urodzenia", "FK_Stanowisko","Nr_ID") values('IGA', 'UCKA', 'K', '3512.1.18', 'Starszy przodownik', '547841') 
Insert into Funkcjonariusz("Imie", "Nazwisko", "Plec", "Data_urodzenia", "FK_Stanowisko","Nr_ID") values('EMMA', 'DOCIAK', 'K', '3538.3.29', 'Przodownik', '275258') 
Insert into Funkcjonariusz("Imie", "Nazwisko", "Plec", "Data_urodzenia", "FK_Stanowisko","Nr_ID") values('JACEK', 'GRZEZIERSKI', 'M', '3510.3.14', 'Podkomisarz ', '655217') 
Insert into Funkcjonariusz("Imie", "Nazwisko", "Plec", "Data_urodzenia", "FK_Stanowisko","Nr_ID") values('NINA', 'BOGACIEWICZ', 'K', '3542.3.20', 'Starszy przodownik', '945372') 
Insert into Funkcjonariusz("Imie", "Nazwisko", "Plec", "Data_urodzenia", "FK_Stanowisko","Nr_ID") values('SEBASTIAN', 'LAGIERSKI', 'M', '3536.5.5', 'Przodownik', '272629') 
Insert into Funkcjonariusz("Imie", "Nazwisko", "Plec", "Data_urodzenia", "FK_Stanowisko","Nr_ID") values('WIKTOR', 'MYKHAILYSHYN', 'M', '3513.5.27', 'Aspirant', '631199') 
Insert into Funkcjonariusz("Imie", "Nazwisko", "Plec", "Data_urodzenia", "FK_Stanowisko","Nr_ID") values('KRYSPIN', 'MÓLL', 'M', '3534.9.7', 'Starszy przodownik', '535566') 
Insert into Funkcjonariusz("Imie", "Nazwisko", "Plec", "Data_urodzenia", "FK_Stanowisko","Nr_ID") values('BERNARD', 'ZGLINNICKI', 'M', '3515.12.4', 'Komisarz', '127479') 
Insert into Funkcjonariusz("Imie", "Nazwisko", "Plec", "Data_urodzenia", "FK_Stanowisko","Nr_ID") values('IZABELLA', 'SPIVAK-SLONYTSKA', 'K', '3530.2.5', 'Starszy posterunkowy', '506768') 
Insert into Funkcjonariusz("Imie", "Nazwisko", "Plec", "Data_urodzenia", "FK_Stanowisko","Nr_ID") values('ELŻBIETA', 'PUSIO', 'K', '3542.11.8', 'Przodownik', '324122') 
Insert into Funkcjonariusz("Imie", "Nazwisko", "Plec", "Data_urodzenia", "FK_Stanowisko","Nr_ID") values('LEONARD', 'ZUCHNIEWICZ', 'M', '3515.9.28', 'Aspirant', '359133') 
Insert into Funkcjonariusz("Imie", "Nazwisko", "Plec", "Data_urodzenia", "FK_Stanowisko","Nr_ID") values('KASJAN', 'WULKAN', 'M', '3527.10.11', 'Podkomisarz ', '837691') 
Insert into Funkcjonariusz("Imie", "Nazwisko", "Plec", "Data_urodzenia", "FK_Stanowisko","Nr_ID") values('ELIZA', 'VALLDAURA GÓRECKA', 'K', '3516.4.22', 'Aspirant', '600135') 
Insert into Funkcjonariusz("Imie", "Nazwisko", "Plec", "Data_urodzenia", "FK_Stanowisko","Nr_ID") values('BENEDYKT', 'ŻUBRŻYCKI', 'M', '3500.2.9', 'Nadkomisarz', '942682') 
Insert into Funkcjonariusz("Imie", "Nazwisko", "Plec", "Data_urodzenia", "FK_Stanowisko","Nr_ID") values('WANESSA', 'EPHRAIM', 'K', '3505.3.24', 'Komisarz', '963206') 
Insert into Funkcjonariusz("Imie", "Nazwisko", "Plec", "Data_urodzenia", "FK_Stanowisko","Nr_ID") values('JAROSŁAW', 'KASIELSKI', 'M', '3542.4.16', 'Starszy przodownik', '891127') 
Insert into Funkcjonariusz("Imie", "Nazwisko", "Plec", "Data_urodzenia", "FK_Stanowisko","Nr_ID") values('FRANCISZKA', 'KOWALSKA-RÓG', 'K', '3547.8.28', 'Przodownik', '255885') 
Insert into Funkcjonariusz("Imie", "Nazwisko", "Plec", "Data_urodzenia", "FK_Stanowisko","Nr_ID") values('KSENIA', 'LUDEWICZ', 'K', '3527.2.4', 'Komisarz', '240877') 
Insert into Funkcjonariusz("Imie", "Nazwisko", "Plec", "Data_urodzenia", "FK_Stanowisko","Nr_ID") values('CYPRIAN', 'DARMONOS', 'M', '3544.2.17', 'Starszy przodownik', '427609') 
Insert into Funkcjonariusz("Imie", "Nazwisko", "Plec", "Data_urodzenia", "FK_Stanowisko","Nr_ID") values('MARTA', 'WRZAWA', 'K', '3545.5.1', 'Posterunkowy', '155278') 
Insert into Funkcjonariusz("Imie", "Nazwisko", "Plec", "Data_urodzenia", "FK_Stanowisko","Nr_ID") values('EWELINA', 'DOVGOSHYIA', 'K', '3535.10.24', 'Przodownik', '150626') 
Insert into Funkcjonariusz("Imie", "Nazwisko", "Plec", "Data_urodzenia", "FK_Stanowisko","Nr_ID") values('IZABELA', 'ĆWIOK', 'K', '3524.5.15', 'Starszy przodownik', '567322') 
Insert into Funkcjonariusz("Imie", "Nazwisko", "Plec", "Data_urodzenia", "FK_Stanowisko","Nr_ID") values('ADELAJDA', 'SIESTRZYKOWSKA', 'K', '3506.1.3', 'Starszy przodownik', '438935') 
Insert into Funkcjonariusz("Imie", "Nazwisko", "Plec", "Data_urodzenia", "FK_Stanowisko","Nr_ID") values('MARIANNA', 'FICULAK', 'K', '3537.6.6', 'Starszy przodownik', '979127') 
Insert into Funkcjonariusz("Imie", "Nazwisko", "Plec", "Data_urodzenia", "FK_Stanowisko","Nr_ID") values('BRAYAN', 'REMBACKI', 'M', '3520.11.6', 'Nadkomisarz', '656060') 
Insert into Funkcjonariusz("Imie", "Nazwisko", "Plec", "Data_urodzenia", "FK_Stanowisko","Nr_ID") values('GAJA', 'ŁUKSZTO', 'K', '3540.6.18', 'Starszy przodownik', '151169') 
Insert into Funkcjonariusz("Imie", "Nazwisko", "Plec", "Data_urodzenia", "FK_Stanowisko","Nr_ID") values('MAKS', 'DĘBNIAK', 'M', '3522.6.13', 'Komisarz', '257109') 
Insert into Funkcjonariusz("Imie", "Nazwisko", "Plec", "Data_urodzenia", "FK_Stanowisko","Nr_ID") values('KAMILA', 'GIBKE', 'K', '3523.10.28', 'Starszy przodownik', '847645') 
Insert into Funkcjonariusz("Imie", "Nazwisko", "Plec", "Data_urodzenia", "FK_Stanowisko","Nr_ID") values('KALINA', 'KALYNYUK', 'K', '3526.1.10', 'Nadkomisarz', '446968') 
Insert into Funkcjonariusz("Imie", "Nazwisko", "Plec", "Data_urodzenia", "FK_Stanowisko","Nr_ID") values('MIKOŁAJ', 'JANDÓŁA', 'M', '3544.4.19', 'Starszy posterunkowy', '957206') 
Insert into Funkcjonariusz("Imie", "Nazwisko", "Plec", "Data_urodzenia", "FK_Stanowisko","Nr_ID") values('ALEKSANDRA', 'PUNISZKIS', 'K', '3501.5.5', 'Nadkomisarz', '804020') 
Insert into Funkcjonariusz("Imie", "Nazwisko", "Plec", "Data_urodzenia", "FK_Stanowisko","Nr_ID") values('TAMARA', 'VINICHENKO', 'K', '3529.11.20', 'Nadkomisarz', '301281') 
Insert into Funkcjonariusz("Imie", "Nazwisko", "Plec", "Data_urodzenia", "FK_Stanowisko","Nr_ID") values('NICOLE', 'JASIŃSKA-ELMER', 'K', '3517.8.2', 'Starszy przodownik', '692921') 
Insert into Funkcjonariusz("Imie", "Nazwisko", "Plec", "Data_urodzenia", "FK_Stanowisko","Nr_ID") values('BENIAMIN', 'MISINKIEWICZ', 'M', '3538.1.25', 'Starszy przodownik', '727797') 
Insert into Funkcjonariusz("Imie", "Nazwisko", "Plec", "Data_urodzenia", "FK_Stanowisko","Nr_ID") values('JESSICA', 'FOLCIK', 'K', '3523.3.15', 'Aspirant', '591190') 
Insert into Funkcjonariusz("Imie", "Nazwisko", "Plec", "Data_urodzenia", "FK_Stanowisko","Nr_ID") values('JOACHIM', 'COHEN FUX', 'M', '3525.9.19', 'Podkomisarz ', '806088') 
Insert into Funkcjonariusz("Imie", "Nazwisko", "Plec", "Data_urodzenia", "FK_Stanowisko","Nr_ID") values('FELICJA', 'GIEROSZ', 'K', '3532.11.14', 'Starszy posterunkowy', '422580') 
Insert into Funkcjonariusz("Imie", "Nazwisko", "Plec", "Data_urodzenia", "FK_Stanowisko","Nr_ID") values('PATRYK', 'ŚWIĘTALSKI', 'M', '3550.7.3', 'Starszy przodownik', '248813') 
Insert into Funkcjonariusz("Imie", "Nazwisko", "Plec", "Data_urodzenia", "FK_Stanowisko","Nr_ID") values('ZOJA', 'NAROŻNIK', 'K', '3504.10.20', 'Podkomisarz ', '349105') 
Insert into Funkcjonariusz("Imie", "Nazwisko", "Plec", "Data_urodzenia", "FK_Stanowisko","Nr_ID") values('JAGODA', 'GRONDZIEWSKA', 'K', '3504.2.2', 'Podkomisarz ', '434738') 
Insert into Funkcjonariusz("Imie", "Nazwisko", "Plec", "Data_urodzenia", "FK_Stanowisko","Nr_ID") values('BRYGIDA', 'NIKOLAS', 'K', '3512.11.18', 'Podkomisarz ', '813766') 
Insert into Funkcjonariusz("Imie", "Nazwisko", "Plec", "Data_urodzenia", "FK_Stanowisko","Nr_ID") values('GABRIEL', 'MROWIETZ', 'M', '3525.8.18', 'Starszy przodownik', '752973') 
Insert into Funkcjonariusz("Imie", "Nazwisko", "Plec", "Data_urodzenia", "FK_Stanowisko","Nr_ID") values('BRYAN', 'KUBIATOWICZ', 'M', '3509.10.18', 'Nadkomisarz', '336001') 
Insert into Funkcjonariusz("Imie", "Nazwisko", "Plec", "Data_urodzenia", "FK_Stanowisko","Nr_ID") values('KONSTANCJA', 'ARENHÖVEL', 'K', '3518.7.29', 'Aspirant', '628750') 
Insert into Funkcjonariusz("Imie", "Nazwisko", "Plec", "Data_urodzenia", "FK_Stanowisko","Nr_ID") values('OSCAR', 'PABJASZ', 'M', '3541.11.28', 'Starszy przodownik', '874760') 
Insert into Funkcjonariusz("Imie", "Nazwisko", "Plec", "Data_urodzenia", "FK_Stanowisko","Nr_ID") values('JĘDRZEJ', 'NASIR', 'M', '3518.1.11', 'Podkomisarz ', '454068') 
Insert into Funkcjonariusz("Imie", "Nazwisko", "Plec", "Data_urodzenia", "FK_Stanowisko","Nr_ID") values('SZYMON', 'ROKITA', 'M', '3512.4.22', 'Aspirant', '425601') 
Insert into Funkcjonariusz("Imie", "Nazwisko", "Plec", "Data_urodzenia", "FK_Stanowisko","Nr_ID") values('KSENIA', 'BELLECKA', 'K', '3544.6.23', 'Przodownik', '412846') 
Insert into Funkcjonariusz("Imie", "Nazwisko", "Plec", "Data_urodzenia", "FK_Stanowisko","Nr_ID") values('SYLWIA', 'CISOWSKA', 'K', '3534.4.15', 'Posterunkowy', '428636') 
Insert into Funkcjonariusz("Imie", "Nazwisko", "Plec", "Data_urodzenia", "FK_Stanowisko","Nr_ID") values('KORNEL', 'GAJEWSKI-GŁODEK', 'M', '3549.11.4', 'Starszy przodownik', '999567') 
Insert into Funkcjonariusz("Imie", "Nazwisko", "Plec", "Data_urodzenia", "FK_Stanowisko","Nr_ID") values('IVO', 'CIEMNIAK', 'M', '3546.9.24', 'Posterunkowy', '169517') 
Insert into Funkcjonariusz("Imie", "Nazwisko", "Plec", "Data_urodzenia", "FK_Stanowisko","Nr_ID") values('TAMARA', 'ŁAGOZA', 'K', '3546.2.26', 'Starszy posterunkowy', '837107') 
Insert into Funkcjonariusz("Imie", "Nazwisko", "Plec", "Data_urodzenia", "FK_Stanowisko","Nr_ID") values('JAŚMINA', 'WRODERSKA', 'K', '3519.10.18', 'Starszy przodownik', '265643') 
Insert into Funkcjonariusz("Imie", "Nazwisko", "Plec", "Data_urodzenia", "FK_Stanowisko","Nr_ID") values('MARCELA', 'PARZER', 'K', '3545.3.26', 'Przodownik', '730854') 
Insert into Funkcjonariusz("Imie", "Nazwisko", "Plec", "Data_urodzenia", "FK_Stanowisko","Nr_ID") values('ANIELA', 'SAGAJEWSKA', 'K', '3506.4.8', 'Starszy przodownik', '827710') 
Insert into Funkcjonariusz("Imie", "Nazwisko", "Plec", "Data_urodzenia", "FK_Stanowisko","Nr_ID") values('ALBERT', 'DROWANOWSKI', 'M', '3547.6.5', 'Starszy przodownik', '238384') 
Insert into Funkcjonariusz("Imie", "Nazwisko", "Plec", "Data_urodzenia", "FK_Stanowisko","Nr_ID") values('KRZYSZTOF', 'BUDCHYK', 'M', '3544.11.11', 'Starszy przodownik', '831858') 
Insert into Funkcjonariusz("Imie", "Nazwisko", "Plec", "Data_urodzenia", "FK_Stanowisko","Nr_ID") values('EDYTA', 'HLUSHAN', 'K', '3543.1.9', 'Starszy przodownik', '547177') 
Insert into Funkcjonariusz("Imie", "Nazwisko", "Plec", "Data_urodzenia", "FK_Stanowisko","Nr_ID") values('RÓŻA', 'BEKSULTANOVA', 'K', '3538.6.17', 'Posterunkowy', '493476') 
Insert into Funkcjonariusz("Imie", "Nazwisko", "Plec", "Data_urodzenia", "FK_Stanowisko","Nr_ID") values('BOGNA', 'SHVAB', 'K', '3505.1.6', 'Podkomisarz ', '369363') 
Insert into Funkcjonariusz("Imie", "Nazwisko", "Plec", "Data_urodzenia", "FK_Stanowisko","Nr_ID") values('APOLONIA', 'TAMOWICZ', 'K', '3524.12.13', 'Podkomisarz ', '304282') 
Insert into Funkcjonariusz("Imie", "Nazwisko", "Plec", "Data_urodzenia", "FK_Stanowisko","Nr_ID") values('SEBASTIAN', 'IURCHAK', 'M', '3531.9.7', 'Starszy przodownik', '914077') 
Insert into Funkcjonariusz("Imie", "Nazwisko", "Plec", "Data_urodzenia", "FK_Stanowisko","Nr_ID") values('LILIANNA', 'RZYMEŁKA', 'K', '3501.12.3', 'Aspirant', '625991') 
Insert into Funkcjonariusz("Imie", "Nazwisko", "Plec", "Data_urodzenia", "FK_Stanowisko","Nr_ID") values('CECYLIA', 'ZIĘTARA-CZARNECKA', 'K', '3518.9.23', 'Podkomisarz ', '821926') 
Insert into Funkcjonariusz("Imie", "Nazwisko", "Plec", "Data_urodzenia", "FK_Stanowisko","Nr_ID") values('OLIVIER', 'DA SILVA TEIXEIRA', 'M', '3535.1.18', 'Przodownik', '359099') 
Insert into Funkcjonariusz("Imie", "Nazwisko", "Plec", "Data_urodzenia", "FK_Stanowisko","Nr_ID") values('TYTUS', 'PAWILNO-PACEWICZ', 'M', '3509.12.15', 'Nadkomisarz', '493992') 
Insert into Funkcjonariusz("Imie", "Nazwisko", "Plec", "Data_urodzenia", "FK_Stanowisko","Nr_ID") values('WOJCIECH', 'AZRAN', 'M', '3546.3.29', 'Starszy posterunkowy', '446876') 
Insert into Funkcjonariusz("Imie", "Nazwisko", "Plec", "Data_urodzenia", "FK_Stanowisko","Nr_ID") values('ALEXANDER', 'WICHAN', 'M', '3501.8.8', 'Aspirant', '214925') 
Insert into Funkcjonariusz("Imie", "Nazwisko", "Plec", "Data_urodzenia", "FK_Stanowisko","Nr_ID") values('MICHALINA', 'CHĘTKOWSKA', 'K', '3505.7.27', 'Starszy przodownik', '513093') 
Insert into Funkcjonariusz("Imie", "Nazwisko", "Plec", "Data_urodzenia", "FK_Stanowisko","Nr_ID") values('ANETA', 'SKAWIŃSKI', 'K', '3550.2.6', 'Posterunkowy', '863062') 
Insert into Funkcjonariusz("Imie", "Nazwisko", "Plec", "Data_urodzenia", "FK_Stanowisko","Nr_ID") values('ANGELIKA', 'HORHOTS', 'K', '3527.3.18', 'Podkomisarz ', '204174') 
Insert into Funkcjonariusz("Imie", "Nazwisko", "Plec", "Data_urodzenia", "FK_Stanowisko","Nr_ID") values('VIVIANA', 'HULICZKA', 'K', '3538.3.10', 'Starszy przodownik', '720808') 
Insert into Funkcjonariusz("Imie", "Nazwisko", "Plec", "Data_urodzenia", "FK_Stanowisko","Nr_ID") values('MIROSŁAW', 'TOMASELLI', 'M', '3523.3.5', 'Komisarz', '583675') 
Insert into Funkcjonariusz("Imie", "Nazwisko", "Plec", "Data_urodzenia", "FK_Stanowisko","Nr_ID") values('JONASZ', 'ŁAKUCEWICZ', 'M', '3515.1.4', 'Aspirant', '896580') 
Insert into Funkcjonariusz("Imie", "Nazwisko", "Plec", "Data_urodzenia", "FK_Stanowisko","Nr_ID") values('TAMARA', 'PRYCIUK', 'K', '3501.1.21', 'Komisarz', '191499') 
Insert into Funkcjonariusz("Imie", "Nazwisko", "Plec", "Data_urodzenia", "FK_Stanowisko","Nr_ID") values('ALEKSANDER', 'SAPINA', 'M', '3538.9.9', 'Przodownik', '378579') 
Insert into Funkcjonariusz("Imie", "Nazwisko", "Plec", "Data_urodzenia", "FK_Stanowisko","Nr_ID") values('MIRIAM', 'GARCZYNA', 'K', '3545.8.28', 'Starszy przodownik', '632609') 
Insert into Funkcjonariusz("Imie", "Nazwisko", "Plec", "Data_urodzenia", "FK_Stanowisko","Nr_ID") values('MALINA', 'BUCHELD', 'K', '3505.6.5', 'Aspirant', '579161') 
Insert into Funkcjonariusz("Imie", "Nazwisko", "Plec", "Data_urodzenia", "FK_Stanowisko","Nr_ID") values('ADAM', 'MICHALICHA', 'M', '3515.7.13', 'Aspirant', '552524') 
Insert into Funkcjonariusz("Imie", "Nazwisko", "Plec", "Data_urodzenia", "FK_Stanowisko","Nr_ID") values('JERZY', 'WACHUŁKA', 'M', '3521.6.14', 'Podkomisarz ', '761064') 
Insert into Funkcjonariusz("Imie", "Nazwisko", "Plec", "Data_urodzenia", "FK_Stanowisko","Nr_ID") values('RADOSŁAW', 'KICOFER', 'M', '3540.2.8', 'Starszy przodownik', '397393') 
Insert into Funkcjonariusz("Imie", "Nazwisko", "Plec", "Data_urodzenia", "FK_Stanowisko","Nr_ID") values('MICHAEL', 'PARZYNOWSKI', 'M', '3531.2.24', 'Starszy posterunkowy', '485552') 
Insert into Funkcjonariusz("Imie", "Nazwisko", "Plec", "Data_urodzenia", "FK_Stanowisko","Nr_ID") values('KATARZYNA', 'ZLOTENKO', 'K', '3523.4.16', 'Starszy przodownik', '306239') 
Insert into Funkcjonariusz("Imie", "Nazwisko", "Plec", "Data_urodzenia", "FK_Stanowisko","Nr_ID") values('ADRIAN', 'KOLEK', 'M', '3503.8.9', 'Starszy przodownik', '917283') 
Insert into Funkcjonariusz("Imie", "Nazwisko", "Plec", "Data_urodzenia", "FK_Stanowisko","Nr_ID") values('RADOSŁAW', 'ZERGER', 'M', '3504.3.19', 'Nadkomisarz', '585418') 
Insert into Funkcjonariusz("Imie", "Nazwisko", "Plec", "Data_urodzenia", "FK_Stanowisko","Nr_ID") values('GRETA', 'BRZEŚKIEWICZ', 'K', '3527.1.25', 'Starszy przodownik', '469209') 
Insert into Funkcjonariusz("Imie", "Nazwisko", "Plec", "Data_urodzenia", "FK_Stanowisko","Nr_ID") values('KAROLINA', 'GALIMOVA', 'K', '3529.1.9', 'Aspirant', '218083') 
Insert into Funkcjonariusz("Imie", "Nazwisko", "Plec", "Data_urodzenia", "FK_Stanowisko","Nr_ID") values('NIKOLA', 'BENINI', 'K', '3502.2.21', 'Starszy przodownik', '172893') 
Insert into Funkcjonariusz("Imie", "Nazwisko", "Plec", "Data_urodzenia", "FK_Stanowisko","Nr_ID") values('SZYMON', 'PRZEŹDZIĘK', 'M', '3536.1.25', 'Posterunkowy', '696873') 
Insert into Funkcjonariusz("Imie", "Nazwisko", "Plec", "Data_urodzenia", "FK_Stanowisko","Nr_ID") values('FILIP', 'KNYSZKA', 'M', '3536.4.27', 'Przodownik', '980422') 
Insert into Funkcjonariusz("Imie", "Nazwisko", "Plec", "Data_urodzenia", "FK_Stanowisko","Nr_ID") values('TEODOR', 'LAKSANDER', 'M', '3512.10.30', 'Podkomisarz ', '740129') 
Insert into Funkcjonariusz("Imie", "Nazwisko", "Plec", "Data_urodzenia", "FK_Stanowisko","Nr_ID") values('MARIANNA', 'WACHLER', 'K', '3536.10.24', 'Starszy posterunkowy', '462441') 
Insert into Funkcjonariusz("Imie", "Nazwisko", "Plec", "Data_urodzenia", "FK_Stanowisko","Nr_ID") values('MARCJANNA', 'RAPAPORT', 'K', '3520.6.29', 'Aspirant', '284476') 
Insert into Funkcjonariusz("Imie", "Nazwisko", "Plec", "Data_urodzenia", "FK_Stanowisko","Nr_ID") values('LAURA', 'ABAZA', 'K', '3504.7.30', 'Podkomisarz ', '208377') 
Insert into Funkcjonariusz("Imie", "Nazwisko", "Plec", "Data_urodzenia", "FK_Stanowisko","Nr_ID") values('MIKOŁAJ', 'SKWARECKI', 'M', '3534.8.21', 'Starszy przodownik', '420595') 
Insert into Funkcjonariusz("Imie", "Nazwisko", "Plec", "Data_urodzenia", "FK_Stanowisko","Nr_ID") values('FAUSTYNA', 'WOJCIKIEWICZ', 'K', '3507.4.4', 'Nadkomisarz', '212993') 

Insert into Druzyna("Funkcjonariusz1", "Funkcjonariusz2", "Funkcjonariusz3", "NrID") values('288869', '463268', '719708', '1304')
Insert into Druzyna("Funkcjonariusz1", "Funkcjonariusz2", "Funkcjonariusz3", "NrID") values('414981', '302897', '793205', '1000')
Insert into Druzyna("Funkcjonariusz1", "Funkcjonariusz2", "Funkcjonariusz3", "NrID") values('527219', '939739', '578597', '571')
Insert into Druzyna("Funkcjonariusz1", "Funkcjonariusz2", "Funkcjonariusz3", "NrID") values('106384', '505333', '994895', '952')
Insert into Druzyna("Funkcjonariusz1", "Funkcjonariusz2", "Funkcjonariusz3", "NrID") values('476121', '195811', '705233', '1431')
Insert into Druzyna("Funkcjonariusz1", "Funkcjonariusz2", "Funkcjonariusz3", "NrID") values('461825', '169396', '245110', '999')
Insert into Druzyna("Funkcjonariusz1", "Funkcjonariusz2", "Funkcjonariusz3", "NrID") values('462023', '558579', '804009', '883')
Insert into Druzyna("Funkcjonariusz1", "Funkcjonariusz2", "Funkcjonariusz3", "NrID") values('682172', '478839', '671784', '802')
Insert into Druzyna("Funkcjonariusz1", "Funkcjonariusz2", "Funkcjonariusz3", "NrID") values('368306', '123291', '241140', '1215')
Insert into Druzyna("Funkcjonariusz1", "Funkcjonariusz2", "Funkcjonariusz3", "NrID") values('603457', '591896', '264965', '1293')
Insert into Druzyna("Funkcjonariusz1", "Funkcjonariusz2", "Funkcjonariusz3", "NrID") values('942789', '567613', '239952', '963')
Insert into Druzyna("Funkcjonariusz1", "Funkcjonariusz2", "Funkcjonariusz3", "NrID") values('405830', '692323', '343417', '562')
Insert into Druzyna("Funkcjonariusz1", "Funkcjonariusz2", "Funkcjonariusz3", "NrID") values('773715', '956293', '618330', '1013')
Insert into Druzyna("Funkcjonariusz1", "Funkcjonariusz2", "Funkcjonariusz3", "NrID") values('278044', '780509', '731338', '1120')
Insert into Druzyna("Funkcjonariusz1", "Funkcjonariusz2", "Funkcjonariusz3", "NrID") values('930682', '642351', '292746', '625')
Insert into Druzyna("Funkcjonariusz1", "Funkcjonariusz2", "Funkcjonariusz3", "NrID") values('263308', '139417', '517055', '912')
Insert into Druzyna("Funkcjonariusz1", "Funkcjonariusz2", "Funkcjonariusz3", "NrID") values('661252', '974795', '697611', '903')
Insert into Druzyna("Funkcjonariusz1", "Funkcjonariusz2", "Funkcjonariusz3", "NrID") values('596570', '566239', '322036', '504')
Insert into Druzyna("Funkcjonariusz1", "Funkcjonariusz2", "Funkcjonariusz3", "NrID") values('547841', '275258', '655217', '799')
Insert into Druzyna("Funkcjonariusz1", "Funkcjonariusz2", "Funkcjonariusz3", "NrID") values('945372', '272629', '631199', '811')
Insert into Druzyna("Funkcjonariusz1", "Funkcjonariusz2", "Funkcjonariusz3", "NrID") values('535566', '127479', '506768', '784')
Insert into Druzyna("Funkcjonariusz1", "Funkcjonariusz2", "Funkcjonariusz3", "NrID") values('324122', '359133', '837691', '770')
Insert into Druzyna("Funkcjonariusz1", "Funkcjonariusz2", "Funkcjonariusz3", "NrID") values('600135', '942682', '963206', '1498')
Insert into Druzyna("Funkcjonariusz1", "Funkcjonariusz2", "Funkcjonariusz3", "NrID") values('891127', '255885', '240877', '1195')
Insert into Druzyna("Funkcjonariusz1", "Funkcjonariusz2", "Funkcjonariusz3", "NrID") values('427609', '155278', '150626', '793')
Insert into Druzyna("Funkcjonariusz1", "Funkcjonariusz2", "Funkcjonariusz3", "NrID") values('567322', '438935', '979127', '1427')
Insert into Druzyna("Funkcjonariusz1", "Funkcjonariusz2", "Funkcjonariusz3", "NrID") values('656060', '151169', '257109', '966')
Insert into Druzyna("Funkcjonariusz1", "Funkcjonariusz2", "Funkcjonariusz3", "NrID") values('847645', '446968', '957206', '928')
Insert into Druzyna("Funkcjonariusz1", "Funkcjonariusz2", "Funkcjonariusz3", "NrID") values('804020', '301281', '692921', '982')
Insert into Druzyna("Funkcjonariusz1", "Funkcjonariusz2", "Funkcjonariusz3", "NrID") values('727797', '591190', '806088', '509')
Insert into Druzyna("Funkcjonariusz1", "Funkcjonariusz2", "Funkcjonariusz3", "NrID") values('422580', '248813', '349105', '548')
Insert into Druzyna("Funkcjonariusz1", "Funkcjonariusz2", "Funkcjonariusz3", "NrID") values('434738', '813766', '752973', '1302')
Insert into Druzyna("Funkcjonariusz1", "Funkcjonariusz2", "Funkcjonariusz3", "NrID") values('336001', '628750', '874760', '711')
Insert into Druzyna("Funkcjonariusz1", "Funkcjonariusz2", "Funkcjonariusz3", "NrID") values('454068', '425601', '412846', '1218')
Insert into Druzyna("Funkcjonariusz1", "Funkcjonariusz2", "Funkcjonariusz3", "NrID") values('428636', '999567', '169517', '755')
Insert into Druzyna("Funkcjonariusz1", "Funkcjonariusz2", "Funkcjonariusz3", "NrID") values('837107', '265643', '730854', '1116')
Insert into Druzyna("Funkcjonariusz1", "Funkcjonariusz2", "Funkcjonariusz3", "NrID") values('827710', '238384', '831858', '801')
Insert into Druzyna("Funkcjonariusz1", "Funkcjonariusz2", "Funkcjonariusz3", "NrID") values('547177', '493476', '369363', '1411')
Insert into Druzyna("Funkcjonariusz1", "Funkcjonariusz2", "Funkcjonariusz3", "NrID") values('304282', '914077', '625991', '759')
Insert into Druzyna("Funkcjonariusz1", "Funkcjonariusz2", "Funkcjonariusz3", "NrID") values('821926', '359099', '493992', '955')
Insert into Druzyna("Funkcjonariusz1", "Funkcjonariusz2", "Funkcjonariusz3", "NrID") values('446876', '214925', '513093', '1126')
Insert into Druzyna("Funkcjonariusz1", "Funkcjonariusz2", "Funkcjonariusz3", "NrID") values('863062', '204174', '720808', '610')
Insert into Druzyna("Funkcjonariusz1", "Funkcjonariusz2", "Funkcjonariusz3", "NrID") values('583675', '896580', '191499', '1079')
Insert into Druzyna("Funkcjonariusz1", "Funkcjonariusz2", "Funkcjonariusz3", "NrID") values('378579', '632609', '579161', '545')
Insert into Druzyna("Funkcjonariusz1", "Funkcjonariusz2", "Funkcjonariusz3", "NrID") values('552524', '761064', '397393', '1351')
Insert into Druzyna("Funkcjonariusz1", "Funkcjonariusz2", "Funkcjonariusz3", "NrID") values('485552', '306239', '917283', '1339')
Insert into Druzyna("Funkcjonariusz1", "Funkcjonariusz2", "Funkcjonariusz3", "NrID") values('585418', '469209', '218083', '1483')
Insert into Druzyna("Funkcjonariusz1", "Funkcjonariusz2", "Funkcjonariusz3", "NrID") values('172893', '696873', '980422', '611')
Insert into Druzyna("Funkcjonariusz1", "Funkcjonariusz2", "Funkcjonariusz3", "NrID") values('740129', '462441', '284476', '985')
