
use milicja
Insert into Funkcjonariusz(ID, imieNazwisko, plec, nrESKM, stanowisko, druzyna, dataUtworzenia, dataWygaœniêcia) 
values(1, 'MATYLDA RZ¥DZICKA', 'kobieta', 152,'Posterunkowy',17, '3567.11.16',null) 
Insert into Funkcjonariusz(ID, imieNazwisko, plec, nrESKM, stanowisko, druzyna, dataUtworzenia, dataWygaœniêcia) 
values(2, 'GNIEWOMIR BAREN', 'mê¿czyzna', 132,'Przodownik',17, '3560.05.16',null) 
Insert into Funkcjonariusz(ID, imieNazwisko, plec, nrESKM, stanowisko, druzyna, dataUtworzenia, dataWygaœniêcia) 
values(3, 'MARCELINA BUCHWIC', 'kobieta', 59,'Nadkomisarz',17, '3552.09.21',null)  
Insert into Funkcjonariusz(ID, imieNazwisko, plec, nrESKM, stanowisko, druzyna, dataUtworzenia, dataWygaœniêcia) 
values(4, 'DARIUSZ KINDYKEVYCH', 'mê¿czyzna', 210,'Starszy posterunkowy', 5, '3563.10.10',null) 
Insert into Funkcjonariusz(ID, imieNazwisko, plec, nrESKM, stanowisko, druzyna, dataUtworzenia, dataWygaœniêcia) 
values(5, 'KORNELIUSZ DZIUDZIA', 'mê¿czyzna', 315,'Starszy posterunkowy', 5, '3562.03.14',null)
Insert into Funkcjonariusz(ID, imieNazwisko, plec, nrESKM, stanowisko, druzyna, dataUtworzenia, dataWygaœniêcia) 
values(6, 'AGNIESZKA MAKAREINIS', 'kobieta', 256,'Aspirant', 5, '3557.01.27',null)

Insert into Kierowca(ID, imieNazwisko, plec, nrESKM,nrPrawaLotu, gatunek) 
values(1, 'ALEXANDER WICHAN', 'mê¿czyzna', '812177', '214925', 'chochlik') 
Insert into Kierowca(ID, imieNazwisko, plec, nrESKM,nrPrawaLotu, gatunek) 
values(2, 'MAKSYM ZIMMERLING', 'mê¿czyzna', '231745', '932836', 'cz³owiek')
Insert into Kierowca(ID, imieNazwisko, plec, nrESKM,nrPrawaLotu, gatunek) 
values(3, 'STEFANIA HRET', 'kobieta', '573954', '597959', 'wiedŸma')
Insert into Kierowca(ID, imieNazwisko, plec, nrESKM,nrPrawaLotu, gatunek) 
values(4, 'PATRYK ŒWIÊTALSKI', 'mê¿czyzna', '248813', '721168', 'krasnal') 
Insert into Kierowca(ID, imieNazwisko, plec, nrESKM,nrPrawaLotu, gatunek) 
values(5, 'MAURYCY HRYTSAYUK', 'mê¿czyzna', '470542', '426221', 'ogr') 
Insert into Kierowca(ID, imieNazwisko, plec, nrESKM,nrPrawaLotu, gatunek) 
values(6, 'KLAUDIUSZ PANDURANGAN', 'mê¿czyzna', '818125', '648098', 'elf') 

insert into CzasTrwania(ID, czasTrwania, okreslenieCzasuTrwania, czescEtatu,czescDoby ) 
values(1, 'dwie godziny', 'bardzo krótki', 'poni¿ej po³owy etatu', 'mniej ni¿ jedna trzecia doby')
insert into CzasTrwania(ID, czasTrwania, okreslenieCzasuTrwania, czescEtatu,czescDoby ) 
values(2, 'cztery godziny', 'krótki', 'po³owa etatu', 'mniej ni¿ jedna trzecia doby')
insert into CzasTrwania(ID, czasTrwania, okreslenieCzasuTrwania, czescEtatu,czescDoby ) 
values(3, 'siedem godzin', 'œredni', 'ponad po³owa etatu', 'mniej ni¿ jedna trzecia doby')
insert into CzasTrwania(ID, czasTrwania, okreslenieCzasuTrwania, czescEtatu,czescDoby ) 
values(4, 'dziewiêæ godzin', 'd³ugi', 'ponad etat', 'ponad trzecia doby')
insert into CzasTrwania(ID, czasTrwania, okreslenieCzasuTrwania, czescEtatu,czescDoby ) 
values(5, 'dwanaœcie godzin', 'd³ugi', 'ponad etatu', 'po³owa doby')
insert into CzasTrwania(ID, czasTrwania, okreslenieCzasuTrwania, czescEtatu,czescDoby ) 
values(6, 'szesnaœcie godzin', 'dlaczego to jest legalne?', 'dwa etaty', 'ponad po³owa doby')

insert into Godzina(ID, godzina, poraDnia) values(1, 3, 'przedœwit')
insert into Godzina(ID, godzina, poraDnia) values(2, 5, 'poranek')
insert into Godzina(ID, godzina, poraDnia) values(3, 10, 'przedpo³udnie')
insert into Godzina(ID, godzina, poraDnia) values(4, 12, 'po³udnie')
insert into Godzina(ID, godzina, poraDnia) values(5, 14, 'wczesne popo³udnie')
insert into Godzina(ID, godzina, poraDnia) values(6, 17, 'póŸne popo³udnie')
insert into Godzina(ID, godzina, poraDnia) values(7, 20, 'wieczór')

insert into MData(ID, mData, rok, miesiac, dzienMiesiaca, dzienTygodnia, poraRoku, swieto)
values(1, '3556.02.27', 3556, 'Luty', 2, 'srohda', 'zima', 'Imieniny Patrycjusza')
insert into MData(ID, mData, rok, miesiac, dzienMiesiaca, dzienTygodnia, poraRoku, swieto)
values(2, '3566.04.27', 3556, 'Kwiecieñ', 4, 'poniehdzia³ek', 'wiosna', 'dzieñ zwyk³y')
insert into MData(ID, mData, rok, miesiac, dzienMiesiaca, dzienTygodnia, poraRoku, swieto)
values(3, '3567.06.23', 3557, 'Czerwiec', 6, 'pi¹tek', 'lato', 'Dzieñ ojca Patrycjusza')
insert into MData(ID, mData, rok, miesiac, dzienMiesiaca, dzienTygodnia, poraRoku, swieto)
values(4, '3567.07.27', 3557, 'Lipiec', 7, 'Sobota', 'lato', 'dzieñ zwyk³y')
insert into MData(ID, mData, rok, miesiac, dzienMiesiaca, dzienTygodnia, poraRoku, swieto)
values(5, '3568.07.28', 3558, 'Lipiec', 7, 'wtorek', 'lato', 'Dzieñ wolny bo tak')
insert into MData(ID, mData, rok, miesiac, dzienMiesiaca, dzienTygodnia, poraRoku, swieto)
values(6, '3569.09.27', 3559, 'Wrzesieñ', 9, 'czwartek', 'jesieñ', 'dzieñ zwyk³y')

insert into Lokalizacja(ID, nazwa) values(1, 'Oszczywilk')
insert into Lokalizacja(ID, nazwa) values(2, 'K³onna')
insert into Lokalizacja(ID, nazwa) values(3, 'Humiêcino')
insert into Lokalizacja(ID, nazwa) values(4, 'Romanowskie Pastwiska')
insert into Lokalizacja(ID, nazwa) values(5, '£azek')
insert into Lokalizacja(ID, nazwa) values(6, 'Skrzypki')
insert into Lokalizacja(ID, nazwa) values(7, 'Sikory-Piotrowice')

insert into RodzajPojazdu(ID, rodzajPojazdu)  values (1, 'miot³a')
insert into RodzajPojazdu(ID, rodzajPojazdu)  values (2, 'peleryna')
insert into RodzajPojazdu(ID, rodzajPojazdu)  values (3, 'skrzyd³a')
insert into RodzajPojazdu(ID, rodzajPojazdu)  values (4, 'rydwan')
insert into RodzajPojazdu(ID, rodzajPojazdu)  values (5, 'powóz')
insert into RodzajPojazdu(ID, rodzajPojazdu)  values (6, 'statek')
insert into RodzajPojazdu(ID, rodzajPojazdu)  values (7, 'wieloryb')


insert into Patrol(ID, godzinaRozpoczecia, godzinaZakonczenia, mData, czasTrwania, lokalizacja, funkcjonariusz1, funkcjonariusz2, funkcjonariusz3)
values (1, 1, 2, 3, 1, 6, 1, 2 ,3)
insert into Patrol(ID, godzinaRozpoczecia, godzinaZakonczenia, mData, czasTrwania, lokalizacja, funkcjonariusz1, funkcjonariusz2, funkcjonariusz3)
values (2, 1, 3, 4, 3, 7, 4, 5, 6)
insert into Patrol(ID, godzinaRozpoczecia, godzinaZakonczenia, mData, czasTrwania, lokalizacja, funkcjonariusz1, funkcjonariusz2, funkcjonariusz3)
values (3, 2, 4, 6, 3, 2, 4, 5 ,6)
insert into Patrol(ID, godzinaRozpoczecia, godzinaZakonczenia, mData, czasTrwania, lokalizacja, funkcjonariusz1, funkcjonariusz2, funkcjonariusz3)
values(4, 2, 5, 5, 4, 7, 4, 5 ,6)
insert into Patrol(ID, godzinaRozpoczecia, godzinaZakonczenia, mData, czasTrwania, lokalizacja, funkcjonariusz1, funkcjonariusz2, funkcjonariusz3)
values(5, 3, 6, 4, 3, 1, 1, 2, 3)
insert into Patrol(ID, godzinaRozpoczecia, godzinaZakonczenia, mData, czasTrwania, lokalizacja, funkcjonariusz1, funkcjonariusz2, funkcjonariusz3)
values(6, 4, 5, 5, 1, 3, 4, 5,6)

insert into Wypadek(dataWypadku, godzinawypadku, kierowca, funkcjonariusz, lokalizacja, rodzajPojazdu, wiekKierowcy, liczbaOfiar)
values (1, 2, 3, 4, 5, 6, 41, 13)
insert into Wypadek(dataWypadku, godzinawypadku, kierowca, funkcjonariusz, lokalizacja, rodzajPojazdu, wiekKierowcy, liczbaOfiar)
values (2, 3, 4, 5, 6, 7, 16, 251)
insert into Wypadek(dataWypadku, godzinawypadku, kierowca, funkcjonariusz, lokalizacja, rodzajPojazdu, wiekKierowcy, liczbaOfiar)
values (3, 4, 5, 6, 7, 1, 53, 1)
insert into Wypadek(dataWypadku, godzinawypadku, kierowca, funkcjonariusz, lokalizacja, rodzajPojazdu, wiekKierowcy, liczbaOfiar)
values (4, 5, 6, 1, 1, 2, 52, 3)
insert into Wypadek(dataWypadku, godzinawypadku, kierowca, funkcjonariusz, lokalizacja, rodzajPojazdu, wiekKierowcy, liczbaOfiar)
values (5, 6, 1, 2, 2, 3, 67, 8)
insert into Wypadek(dataWypadku, godzinawypadku, kierowca, funkcjonariusz, lokalizacja, rodzajPojazdu, wiekKierowcy, liczbaOfiar)
values (6, 7, 2, 3, 3, 4, 34, 4)

insert into Zatrzymanie(wartosc, dataZatrzymania, godzinaZatrzymania, kierowca, funkcjonariusz, patrol, lokalizacja, rodzajPojazdu, wiekFunkcjonariusza, wiekKierowcy, pensjaFunkcjonariusza, czyUkarano)
values(100, 3, 2, 3, 2, 1, 3, 2, 35, 20, 750, 1)
insert into Zatrzymanie(wartosc, dataZatrzymania, godzinaZatrzymania, kierowca, funkcjonariusz, patrol, lokalizacja, rodzajPojazdu, wiekFunkcjonariusza, wiekKierowcy, pensjaFunkcjonariusza, czyUkarano)
values(0, 4, 1, 4, 4, 2, 7, 4, 30, 55, 680, 0)
insert into Zatrzymanie(wartosc, dataZatrzymania, godzinaZatrzymania, kierowca, funkcjonariusz, patrol, lokalizacja, rodzajPojazdu, wiekFunkcjonariusza, wiekKierowcy, pensjaFunkcjonariusza, czyUkarano)
values(50, 6, 4, 6, 5, 3, 2, 5, 32, 67, 680, 1)
insert into Zatrzymanie(wartosc, dataZatrzymania, godzinaZatrzymania, kierowca, funkcjonariusz, patrol, lokalizacja, rodzajPojazdu, wiekFunkcjonariusza, wiekKierowcy, pensjaFunkcjonariusza, czyUkarano)
values(500,5, 2, 1, 5, 4, 7, 2, 33, 20, 680, 1)
insert into Zatrzymanie(wartosc, dataZatrzymania, godzinaZatrzymania, kierowca, funkcjonariusz, patrol, lokalizacja, rodzajPojazdu, wiekFunkcjonariusza, wiekKierowcy, pensjaFunkcjonariusza, czyUkarano)
values(0, 4, 3, 4, 1, 5, 1, 7, 28, 33, 630, 0)
insert into Zatrzymanie(wartosc, dataZatrzymania, godzinaZatrzymania, kierowca, funkcjonariusz, patrol, lokalizacja, rodzajPojazdu, wiekFunkcjonariusza, wiekKierowcy, pensjaFunkcjonariusza, czyUkarano)
values(250, 5, 4, 2, 6,6, 3, 6, 55, 34, 830, 1)



